1313,f_basic_1,1577183284,0
1314,f_basic_fltonly,1577183284,0
1315,f_basic_whole,1577183284,0
1316,f_basic_negative,1577183284,0
1317,f_basic_positive_3_3,1577183284,0
1318,f_basic_negative_3_3,1577183284,0
1319,f_basic_positive_smallfpart,1577183284,0
1320,f_basic_positive_allsmall,1577183284,0
1321,f_basic_negative_smallfpart,1577183284,0
1322,f_basic_negative_allsmall,1577183284,0
1323,f_basic_limits_allsmall_pos,1577183284,0
1324,f_basic_limits_allsmall_neg,1577183284,0
1325,f_basic_limits_smallfpart_pos,1577183284,0
1326,f_basic_limits_smallfpart_neg,1577183284,0
1327,f_basic_limits_allbig_pos,1577183284,0
1328,f_basic_limits_allbig_neg,1577183284,0
1329,f_basic_limits_bigfpart_pos,1577183284,0
1330,f_basic_limits_bigfpart_neg,1577183284,0
1331,f_rndd_pos,1577183284,0
1332,f_rndd_neg,1577183284,0
1333,f_rndu_pos,1577183284,0
1334,f_rndu_neg,1577183284,0
1335,f_rndu_multidigit_pos,1577183284,0
1336,f_rndu_multidigit_neg,1577183284,0
1337,f_rndd_multidigit_pos,1577183284,0
1338,f_rndd_multidigit_neg,1577183284,0
1339,f_rndd_wholnobump_pos,1577183284,0
1340,f_rndd_wholnobump_neg,1577183284,0
1341,f_rndu_bumpwhole_pos,1577183284,0
1342,f_rndu_bumpwhole_neg,1577183284,0
1343,f_prec0_1,1577183284,0
1344,f_prec0_fltonly,1577183284,0
1345,f_prec0_whole,1577183284,0
1346,f_prec0_negative,1577183284,0
1347,f_prec0_positive_3_3,1577183284,0
1348,f_prec0_negative_3_3,1577183284,0
1349,f_prec0_positive_smallfpart,1577183284,0
1350,f_prec0_positive_allsmall,1577183284,0
1351,f_prec0_negative_smallfpart,1577183284,0
1352,f_prec0_negative_allsmall,1577183284,0
1353,f_prec1_1,1577183284,0
1354,f_prec1_fltonly,1577183284,0
1355,f_prec1_whole,1577183284,0
1356,f_prec1_negative,1577183284,0
1357,f_prec1_positive_3_3,1577183284,0
1358,f_prec1_negative_3_3,1577183284,0
1359,f_prec1_positive_smallfpart,1577183284,0
1360,f_prec1_positive_allsmall,1577183284,0
1361,f_prec1_negative_smallfpart,1577183284,0
1362,f_prec1_negative_allsmall,1577183284,0
1363,f_prec3_1,1577183284,0
1364,f_prec3_fltonly,1577183284,0
1365,f_prec3_whole,1577183284,0
1366,f_prec3_negative,1577183284,0
1367,f_prec3_positive_3_3,1577183284,0
1368,f_prec3_negative_3_3,1577183284,0
1369,f_prec3_positive_smallfpart,1577183284,0
1370,f_prec3_positive_allsmall,1577183284,0
1371,f_prec3_negative_smallfpart,1577183284,0
1372,f_prec3_negative_allsmall,1577183284,0
1373,f_prec7_1,1577183284,0
1374,f_prec7_fltonly,1577183284,0
1375,f_prec7_whole,1577183284,0
1376,f_prec7_negative,1577183284,0
1377,f_prec7_positive_3_3,1577183284,0
1378,f_prec7_negative_3_3,1577183284,0
1379,f_prec7_positive_smallfpart,1577183284,0
1380,f_prec7_positive_allsmall,1577183284,0
1381,f_prec7_negative_smallfpart,1577183284,0
1382,f_prec7_negative_allsmall,1577183284,0
1383,f_prec7_limits_allsmall_pos,1577183284,0
1384,f_prec7_limits_allsmall_neg,1577183284,0
1385,f_prec7_limits_smallfpart_pos,1577183284,0
1386,f_prec7_limits_smallfpart_neg,1577183284,0
1387,f_prec7_limits_allbig_pos,1577183284,0
1388,f_prec7_limits_allbig_neg,1577183284,0
1389,f_prec7_limits_bigfpart_pos,1577183284,0
1390,f_prec7_limits_bigfpart_neg,1577183284,0
1391,f_rnd_prec7_rndd_pos,1577183284,0
1392,f_rnd_prec7_rndd_neg,1577183284,0
1393,f_rnd_prec7_rndu_pos,1577183284,0
1394,f_rnd_prec7_rndu_neg,1577183284,0
1395,f_rnd_prec7_rndu_multidigit_pos,1577183284,0
1396,f_rnd_prec7_rndu_multidigit_neg,1577183284,0
1397,f_rnd_prec7_rndd_multidigit_pos,1577183284,0
1398,f_rnd_prec7_rndd_multidigit_neg,1577183284,0
1399,f_rnd_prec7_rndd_wholnobump_pos,1577183284,0
1400,f_rnd_prec7_rndd_wholnobump_neg,1577183284,0
1401,f_rnd_prec7_rndu_bumpwhole_pos,1577183284,0
1402,f_prec8_1,1577183284,0
1403,f_prec8_fltonly,1577183284,0
1404,f_prec8_whole,1577183284,0
1405,f_prec8_negative,1577183284,0
1406,f_prec8_positive_3_3,1577183284,0
1407,f_prec8_negative_3_3,1577183284,0
1408,f_prec8_positive_smallfpart,1577183284,0
1409,f_prec8_positive_allsmall,1577183284,0
1410,f_prec8_negative_smallfpart,1577183284,0
1411,f_prec8_negative_allsmall,1577183284,0
1412,f_prec8_limits_allsmall_pos,1577183284,0
1413,f_prec8_limits_allsmall_neg,1577183284,0
1414,f_prec8_limits_smallfpart_pos,1577183284,0
1415,f_prec8_limits_smallfpart_neg,1577183284,0
1416,f_prec8_limits_allbig_pos,1577183284,0
1417,f_prec8_limits_allbig_neg,1577183284,0
1418,f_prec8_limits_bigfpart_pos,1577183284,0
1419,f_prec8_limits_bigfpart_neg,1577183284,0
1420,f_rnd_prec8_rndd_pos,1577183284,0
1421,f_rnd_prec8_rndd_neg,1577183284,0
1422,f_rnd_prec8_rndu_pos,1577183284,0
1423,f_rnd_prec8_rndu_neg,1577183284,0
1424,f_rnd_prec8_rndu_multidigit_pos,1577183284,0
1425,f_rnd_prec8_rndu_multidigit_neg,1577183284,0
1426,f_rnd_prec8_rndd_multidigit_pos,1577183284,0
1427,f_rnd_prec8_rndd_multidigit_neg,1577183284,0
1428,f_rnd_prec8_rndd_wholnobump_pos,1577183284,0
1429,f_rnd_prec8_rndd_wholnobump_neg,1577183284,0
1430,f_rnd_prec8_rndu_bumpwhole_pos,1577183284,0
1431,f_stress_prec9_1,1577183284,0
1432,f_stress_prec9_fltonly,1577183284,0
1433,f_stress_prec9_whole,1577183284,0
1434,f_stress_prec9_negative,1577183284,0
1435,f_stress_prec9_positive_3_3,1577183284,0
1436,f_stress_prec9_negative_3_3,1577183284,0
1437,f_stress_prec9_positive_smallfpart,1577183284,0
1438,f_stress_prec9_positive_allsmall,1577183284,0
1439,f_stress_prec9_negative_smallfpart,1577183284,0
1440,f_stress_prec9_negative_allsmall,1577183284,0
1441,f_stress_prec9_limits_allsmall_pos,1577183284,0
1442,f_stress_prec9_limits_allsmall_neg,1577183284,0
1443,f_stress_prec9_limits_smallfpart_pos,1577183284,0
1444,f_stress_prec9_limits_smallfpart_neg,1577183284,0
1445,f_stress_prec9_limits_allbig_pos,1577183284,0
1446,f_stress_prec9_limits_allbig_neg,1577183284,0
1447,f_stress_prec9_limits_bigfpart_pos,1577183284,0
1448,f_stress_prec9_limits_bigfpart_neg,1577183284,0
1449,f_stress_prec9_rndd_pos,1577183284,0
1450,f_stress_prec9_rndd_neg,1577183284,0
1451,f_stress_prec9_rndu_pos,1577183284,0
1452,f_stress_prec9_rndu_neg,1577183284,0
1453,f_stress_prec9_rndu_multidigit_pos,1577183284,0
1454,f_stress_prec9_rndu_multidigit_neg,1577183284,0
1455,f_stress_prec9_rndd_multidigit_pos,1577183284,0
1456,f_stress_prec9_rndd_multidigit_neg,1577183284,0
1457,f_stress_prec9_rndd_wholnobump_pos,1577183284,0
1458,f_stress_prec9_rndd_wholnobump_neg,1577183284,0
1459,f_stress_prec9_rndu_bumpwhole_pos,1577183284,0
1460,f_stress_prec10_1,1577183284,0
1461,f_stress_prec10_fltonly,1577183284,0
1462,f_stress_prec10_whole,1577183284,0
1463,f_stress_prec10_negative,1577183284,0
1464,f_stress_prec10_positive_3_10,1577183284,0
1465,f_stress_prec10_negative_3_10,1577183284,0
1466,f_stress_prec10_pos,1577183284,0
1467,f_stress_prec10_neg,1577183284,0
1468,f_stress_prec10_rndd_pos,1577183284,0
1469,f_stress_prec10_rndd_neg,1577183284,0
1470,f_stress_prec10_rndu_pos,1577183284,0
1471,f_stress_prec10_rndu_neg,1577183284,0
1472,f_stress_prec10_positive_smallfpart,1577183284,0
1473,f_stress_prec10_positive_allsmall,1577183284,0
1474,f_stress_prec10_negative_smallfpart,1577183284,0
1475,f_stress_prec10_negative_allsmall,1577183284,0
1476,f_stress_prec10_limits_allsmall_pos,1577183284,0
1477,f_stress_prec10_limits_allsmall_neg,1577183284,0
1478,f_stress_prec10_limits_smallfpart_pos,1577183284,0
1479,f_stress_prec10_limits_smallfpart_neg,1577183284,0
1480,f_stress_prec10_limits_allbig_pos,1577183284,0
1481,f_stress_prec10_limits_allbig_neg,1577183284,0
1482,f_stress_prec10_limits_bigfpart_pos,1577183284,0
1483,f_stress_prec10_limits_bigfpart_neg,1577183284,0
1484,f_stress_prec11_rndu,1577183284,0
1485,f_stress_prec11_rndd,1577183284,0
1486,f_stress_prec11_limits_tiny,1577183284,0
1487,f_stress_prec11_limits_big,1577183284,0
1488,f_stress_prec12_rndu,1577183284,0
1489,f_stress_prec12_rndd,1577183284,0
1490,f_stress_prec12_limits_tiny,1577183284,0
1491,f_stress_prec12_limits_big,1577183284,0
1492,f_stress_prec13_rndu,1577183284,0
1493,f_stress_prec13_rndd,1577183284,0
1494,f_stress_prec13_limits_tiny,1577183284,0
1495,f_stress_prec13_limits_big,1577183284,0
1496,f_stress_prec14_rndu,1577183284,0
1497,f_stress_prec14_rndd,1577183284,0
1498,f_stress_prec14_limits_tiny,1577183284,0
1499,f_stress_prec14_limits_big,1577183284,0
1500,f_stress_prec15_rndu,1577183284,0
1501,f_stress_prec15_rndd,1577183284,0
1502,f_stress_prec15_limits_tiny,1577183284,0
1503,f_stress_prec15_limits_big,1577183284,0
1504,f_stress_prec16_rndu,1577183284,0
1505,f_stress_prec16_rndd,1577183284,0
1506,f_stress_prec16_limits_tiny,1577183284,0
1507,f_stress_prec16_limits_big,1577183284,0
1508,f_stress_prec17_rndu,1577183284,0
1509,f_stress_prec17_rndd,1577183284,0
1510,f_stress_prec17_limits_tiny,1577183284,0
1511,f_stress_prec17_limits_big,1577183284,0
1512,f_stress_prec18_rndu,1577183284,0
1513,f_stress_prec18_rndd,1577183284,0
1514,f_af_prec0p,1577183284,0
1515,f_af_prec1p,1577183284,0
1516,f_af_prec0n,1577183284,0
1517,f_af_prec1n,1577183284,0
1518,f_as_prec0p_as,1577183284,0
1519,f_as_prec3p_as,1577183284,0
1520,f_as_prec0n_as,1577183284,0
1521,f_as_prec3n_as,1577183284,0
1522,f_wprec0p,1577183284,0
1523,f_wprec1p,1577183284,0
1524,f_wprec3p,1577183284,0
1525,f_wprec6p,1577183284,0
1526,f_wprec0n,1577183284,0
1527,f_wprec1n,1577183284,0
1528,f_wprec3n,1577183284,0
1529,f_wprec6n,1577183284,0
1530,f_wzp_prec0p,1577183284,0
1531,f_wzp_prec1p,1577183284,0
1532,f_wzp_prec3p,1577183284,0
1533,f_wzp_prec6p,1577183284,0
1534,f_wzp_prec0n,1577183284,0
1535,f_wzp_prec1n,1577183284,0
1536,f_wzp_prec3n,1577183284,0
1537,f_wzp_prec6n,1577183284,0
1538,f_wlj_prec0p,1577183284,0
1539,f_wlj_prec1p,1577183284,0
1540,f_wlj_prec3p,1577183284,0
1541,f_wlj_prec6p,1577183284,0
1542,f_wlj_prec0n,1577183284,0
1543,f_wlj_prec1n,1577183284,0
1544,f_wlj_prec3n,1577183284,0
1545,f_wlj_prec6n,1577183284,0
1546,f_wzplj_prec0p_ignoreflag,1577183284,0
1547,f_wzplj_prec1p_ignoreflag,1577183284,0
1548,f_wzplj_prec3p_ignoreflag,1577183284,0
1549,f_wzplj_prec6p_ignoreflag,1577183284,0
1550,f_wzplj_prec0n_ignoreflag,1577183284,0
1551,f_wzplj_prec1n_ignoreflag,1577183284,0
1552,f_wzplj_prec3n_ignoreflag,1577183284,0
1553,f_wzplj_prec6n_ignoreflag,1577183284,0
1554,f_wzpljr_prec0p_ignoreflag,1577183284,0
1555,f_wzpljr_prec1p_ignoreflag,1577183284,0
1556,f_wzpljr_prec3p_ignoreflag,1577183284,0
1557,f_wzpljr_prec6p_ignoreflag,1577183284,0
1558,f_wzpljr_prec0n_ignoreflag,1577183284,0
1559,f_wzpljr_prec1n_ignoreflag,1577183284,0
1560,f_wzpljr_prec3n_ignoreflag,1577183284,0
1561,f_wzpljr_prec6n_ignoreflag,1577183284,0
1562,f_wzpljaf_prec0p,1577183284,0
1563,f_wzpljaf_prec1p,1577183284,0
1564,f_wzpljaf_prec3p,1577183284,0
1565,f_wzpljaf_prec6p,1577183284,0
1566,f_wzpljaf_prec0n,1577183284,0
1567,f_wzpljaf_prec1n,1577183284,0
1568,f_wzpljaf_prec3n,1577183284,0
1569,f_wzpljaf_prec6n,1577183284,0
1570,f_was_prec0p,1577183284,0
1571,f_was_prec1p,1577183284,0
1572,f_was_prec3p,1577183284,0
1573,f_was_prec6p,1577183284,0
1574,f_was_prec0n,1577183284,0
1575,f_was_prec1n,1577183284,0
1576,f_was_prec3n,1577183284,0
1577,f_was_prec6n,1577183284,0
1578,f_wzpas_prec0p,1577183284,0
1579,f_wzpas_prec1p,1577183284,0
1580,f_wzpas_prec3p,1577183284,0
1581,f_wzpas_prec6p,1577183284,0
1582,f_wzpas_prec0n,1577183284,0
1583,f_wzpas_prec1n,1577183284,0
1584,f_wzpas_prec3n,1577183284,0
1585,f_wzpas_prec6n,1577183284,0
1586,f_wljas_prec0p,1577183284,0
1587,f_wljas_prec1p,1577183284,0
1588,f_wljas_prec3p,1577183284,0
1589,f_wljas_prec6p,1577183284,0
1590,f_wljas_prec0n,1577183284,0
1591,f_wljas_prec1n,1577183284,0
1592,f_wljas_prec3n,1577183284,0
1593,f_wljas_prec6n,1577183284,0
1594,f_wzpljas_prec0p_ignoreflag,1577183284,0
1595,f_wzpljas_prec1p_ignoreflag,1577183284,0
1596,f_wzpljas_prec3p_ignoreflag,1577183284,0
1597,f_wzpljas_prec6p_ignoreflag,1577183284,0
1598,f_wzpljas_prec0n_ignoreflag,1577183284,0
1599,f_wzpljas_prec1n_ignoreflag,1577183284,0
1600,f_wzpljas_prec3n_ignoreflag,1577183284,0
1601,f_wzpljas_prec6n_ignoreflag,1577183284,0
1602,f_wzpljras_prec0p,1577183284,0
1603,f_wzpljras_prec1p,1577183284,0
1604,f_wzpljras_prec3p,1577183284,0
1605,f_wzpljras_prec6p,1577183284,0
1606,f_wzpljras_prec0n,1577183284,0
1607,f_wzpljras_prec1n,1577183284,0
1608,f_wzpljras_prec3n,1577183284,0
1609,f_wzpljras_prec6n,1577183284,0
1610,f_wzpljafas_prec0p,1577183284,0
1611,f_wzpljafas_prec1p,1577183284,0
1612,f_wzpljafas_prec3p,1577183284,0
1613,f_wzpljafas_prec6p,1577183284,0
1614,f_wzpljafas_prec0n,1577183284,0
1615,f_wzpljafas_prec1n,1577183284,0
1616,f_wzpljafas_prec3n,1577183284,0
1617,f_wzpljafas_prec6n,1577183284,0
1618,f_wsp_prec0p,1577183284,0
1619,f_wsp_prec1p,1577183284,0
1620,f_wsp_prec3p,1577183284,0
1621,f_wsp_prec6p,1577183284,0
1622,f_wsp_prec0n,1577183284,0
1623,f_wsp_prec1n,1577183284,0
1624,f_wsp_prec3n,1577183284,0
1625,f_wsp_prec6n,1577183284,0
1626,f_wzpsp_prec0p,1577183284,0
1627,f_wzpsp_prec1p,1577183284,0
1628,f_wzpsp_prec3p,1577183284,0
1629,f_wzpsp_prec6p,1577183284,0
1630,f_wzpsp_prec0n,1577183284,0
1631,f_wzpsp_prec1n,1577183284,0
1632,f_wzpsp_prec3n,1577183284,0
1633,f_wzpsp_prec6n,1577183284,0
1634,f_wljsp_prec0p,1577183284,0
1635,f_wljsp_prec1p,1577183284,0
1636,f_wljsp_prec3p,1577183284,0
1637,f_wljsp_prec6p,1577183284,0
1638,f_wljsp_prec0n,1577183284,0
1639,f_wljsp_prec1n,1577183284,0
1640,f_wljsp_prec3n,1577183284,0
1641,f_wljsp_prec6n,1577183284,0
1642,f_wzpljsp_prec0p_ignoreflag,1577183284,0
1643,f_wzpljsp_prec1p_ignoreflag,1577183284,0
1644,f_wzpljsp_prec3p_ignoreflag,1577183284,0
1645,f_wzpljsp_prec6p_ignoreflag,1577183284,0
1646,f_wzpljsp_prec0n_ignoreflag,1577183284,0
1647,f_wzpljsp_prec1n_ignoreflag,1577183284,0
1648,f_wzpljsp_prec3n_ignoreflag,1577183284,0
1649,f_wzpljsp_prec6n_ignoreflag,1577183284,0
1650,f_wzpljrsp_prec0p,1577183284,0
1651,f_wzpljrsp_prec1p,1577183284,0
1652,f_wzpljrsp_prec3p,1577183284,0
1653,f_wzpljrsp_prec6p,1577183284,0
1654,f_wzpljrsp_prec0n,1577183284,0
1655,f_wzpljrsp_prec1n,1577183284,0
1656,f_wzpljrsp_prec3n,1577183284,0
1657,f_wzpljrsp_prec6n,1577183284,0
1658,f_wzpljafsp_prec0p,1577183284,0
1659,f_wzpljafsp_prec1p,1577183284,0
1660,f_wzpljafsp_prec3p,1577183284,0
1661,f_wzpljafsp_prec6p,1577183284,0
1662,f_wzpljafsp_prec0n,1577183284,0
1663,f_wzpljafsp_prec1n,1577183284,0
1664,f_wzpljafsp_prec3n,1577183284,0
1665,f_wzpljafsp_prec6n,1577183284,0
1666,f_assp_prec0p_ignoreflag,1577183284,0
1667,f_assp_prec1p_ignoreflag,1577183284,0
1668,f_assp_prec3p_ignoreflag,1577183284,0
1669,f_assp_prec6p_ignoreflag,1577183284,0
1670,f_assp_prec0n_ignoreflag,1577183284,0
1671,f_assp_prec1n_ignoreflag,1577183284,0
1672,f_assp_prec3n_ignoreflag,1577183284,0
1673,f_assp_prec6n_ignoreflag,1577183284,0
1674,f_asspr_prec0p_ignoreflag,1577183284,0
1675,f_asspr_prec1p_ignoreflag,1577183284,0
1676,f_asspr_prec3p_ignoreflag,1577183284,0
1677,f_asspr_prec6p_ignoreflag,1577183284,0
1678,f_asspr_prec0n_ignoreflag,1577183284,0
1679,f_asspr_prec1n_ignoreflag,1577183284,0
1680,f_asspr_prec3n_ignoreflag,1577183284,0
1681,f_asspr_prec6n_ignoreflag,1577183284,0
1682,f_overprec_might_be_undefbehav_100,1577183284,0
1683,f_overprec_might_be_undefbehav_32,1577183284,0
1684,f_overprec_might_be_undefbehav_4,1577183284,0
1685,f_overprec_might_be_undefbehav_1000,1577183284,0
1686,f_overprec_might_be_undefbehav_10_from_0,1577183284,0
1687,f_overprec_might_be_undefbehav_2000,1577183284,0
1688,f_overprec_might_be_undefbehav_dblmin,1577183284,0
1689,f_overprec_might_be_undefbehav_ndblmin,1577183284,0
1690,f_limits_dblmax_prec0_notmandatory,1577183284,0
1691,f_limits_dblmax_prec3_notmandatory,1577183284,0
1692,f_limits_dblmax_precd_notmandatory,1577183284,0
1693,f_limits_dblmax_prec8_notmandatory,1577183284,0
1694,f_stress_limits_dblmax_prec12_notmandatory,1577183284,0
1695,f_stress_limits_dblmax_prec16_notmandatory,1577183284,0
1696,f_stress_limits_dblmax_prec18_notmandatory,1577183284,0
1697,f_limits_ndblmax_prec0_notmandatory,1577183284,0
1698,f_limits_ndblmax_prec3_notmandatory,1577183284,0
1699,f_limits_ndblmax_precd_notmandatory,1577183284,0
1700,f_limits_ndblmax_prec8_notmandatory,1577183284,0
1701,f_stress_limits_ndblmax_prec12_notmandatory,1577183284,0
1702,f_stress_limits_ndblmax_prec16_notmandatory,1577183284,0
1703,f_stress_limits_ndblmax_prec18_notmandatory,1577183284,0
1704,f_limits_dblmin_prec0,1577183284,0
1705,f_limits_dblmin_prec3,1577183284,0
1706,f_limits_dblmin_precd,1577183284,0
1707,f_limits_dblmin_prec8,1577183284,0
1708,f_stress_limits_dblmin_prec12,1577183284,0
1709,f_stress_limits_dblmin_prec16,1577183284,0
1710,f_stress_limits_dblmin_prec18,1577183284,0
1711,f_limits_ndblmin_prec0,1577183284,0
1712,f_limits_ndblmin_prec3,1577183284,0
1713,f_limits_ndblmin_precd,1577183284,0
1714,f_limits_ndblmin_prec8,1577183284,0
1715,f_stress_limits_ndblmin_prec12,1577183284,0
1716,f_stress_limits_ndblmin_prec16,1577183284,0
1717,f_stress_limits_ndblmin_prec18,1577183284,0
1718,f_reserved_values_inf,1577183284,0
1719,f_reserved_values_ninf,1577183284,0
1720,f_reserved_values_nan,1577183284,0
1721,f_reserved_values_pzero,1577183284,0
1722,f_reserved_values_nzero,1577183284,0
1723,f_reserved_values_inf_6w,1577183284,0
1724,f_reserved_values_ninf_6w,1577183284,0
1725,f_reserved_values_nan_6w,1577183284,0
1726,f_reserved_values_pzero_6w,1577183284,0
1727,f_reserved_values_nzero_6w,1577183284,0
1728,f_reserved_values_inf_6wlj,1577183284,0
1729,f_reserved_values_ninf_6wlj,1577183284,0
1730,f_reserved_values_nan_6wlj,1577183284,0
1731,f_reserved_values_pzero_6wlj,1577183284,0
1732,f_reserved_values_nzero_6wlj,1577183284,0
1733,f_reserved_values_inf_6was,1577183284,0
1734,f_reserved_values_ninf_6was,1577183284,0
1735,f_reserved_values_nan_6was,1577183284,0
1736,f_reserved_values_pzero_6was,1577183284,0
1737,f_reserved_values_nzero_6was,1577183284,0
1738,f_reserved_values_inf_10w_prec7,1577183284,0
1739,f_reserved_values_ninf_10w_prec7,1577183284,0
1740,f_reserved_values_nan_10w_prec7,1577183284,0
1741,f_reserved_values_pzero_10w_prec7,1577183284,0
1742,f_reserved_values_nzero_10w_prec7,1577183284,0
1743,f_reserved_values_inf_sp_prec7,1577183284,0
1744,f_reserved_values_ninf_sp_prec7,1577183284,0
1745,f_reserved_values_nan_sp_prec7,1577183284,0
1746,f_reserved_values_pzero_sp_prec7,1577183284,0
1747,f_reserved_values_nzero_sp_prec7,1577183284,0
1748,f_reserved_values_inf_sp,1577183284,0
1749,f_reserved_values_ninf_sp,1577183284,0
1750,f_reserved_values_nan_sp,1577183284,0
1751,f_reserved_values_pzero_sp,1577183284,0
1752,f_reserved_values_nzero_sp,1577183284,0
1753,f_reserved_values_inf_6wzp,1577183284,0
1754,f_reserved_values_ninf_6wzp,1577183284,0
1755,f_reserved_values_nan_6wzp,1577183284,0
1756,f_reserved_values_pzero_6wzp,1577183284,0
1757,f_reserved_values_nzero_6wzp,1577183284,0
1758,f_L_basic_1,1577183284,0
1759,f_L_basic_fltonly,1577183284,0
1760,f_L_basic_whole,1577183284,0
1761,f_L_basic_negative,1577183284,0
1762,f_L_basic_positive_3_3,1577183284,0
1763,f_L_basic_negative_3_3,1577183284,0
1764,f_L_basic_positive_smallfpart,1577183284,0
1765,f_L_basic_positive_allsmall,1577183284,0
1766,f_L_basic_negative_smallfpart,1577183284,0
1767,f_L_basic_negative_allsmall,1577183284,0
1768,f_L_basic_limits_allsmall_pos,1577183284,0
1769,f_L_basic_limits_allsmall_neg,1577183284,0
1770,f_L_basic_limits_smallfpart_pos,1577183284,0
1771,f_L_basic_limits_smallfpart_neg,1577183284,0
1772,f_L_basic_limits_allbig_pos,1577183284,0
1773,f_L_basic_limits_allbig_neg,1577183284,0
1774,f_L_basic_limits_bigfpart_pos,1577183284,0
1775,f_L_basic_limits_bigfpart_neg,1577183284,0
1776,f_L_rndd_pos,1577183284,0
1777,f_L_rndd_neg,1577183284,0
1778,f_L_rndu_pos,1577183284,0
1779,f_L_rndu_neg,1577183284,0
1780,f_L_rndu_multidigit_pos,1577183284,0
1781,f_L_rndu_multidigit_neg,1577183284,0
1782,f_L_rndd_multidigit_pos,1577183284,0
1783,f_L_rndd_multidigit_neg,1577183284,0
1784,f_L_rndd_wholnobump_pos,1577183284,0
1785,f_L_rndd_wholnobump_neg,1577183284,0
1786,f_L_rndu_bumpwhole_pos,1577183284,0
1787,f_L_rndu_bumpwhole_neg,1577183284,0
1788,f_L_prec7_1,1577183284,0
1789,f_L_prec7_fltonly,1577183284,0
1790,f_L_prec7_whole,1577183284,0
1791,f_L_prec7_negative,1577183284,0
1792,f_L_prec7_positive_3_3,1577183284,0
1793,f_L_prec7_negative_3_3,1577183284,0
1794,f_L_prec7_positive_smallfpart,1577183284,0
1795,f_L_prec7_positive_allsmall,1577183284,0
1796,f_L_prec7_negative_smallfpart,1577183284,0
1797,f_L_prec7_negative_allsmall,1577183284,0
1798,f_L_prec7_limits_allsmall_pos,1577183284,0
1799,f_L_prec7_limits_allsmall_neg,1577183284,0
1800,f_L_prec7_limits_smallfpart_pos,1577183284,0
1801,f_L_prec7_limits_smallfpart_neg,1577183284,0
1802,f_L_prec7_limits_allbig_pos,1577183284,0
1803,f_L_prec7_limits_allbig_neg,1577183284,0
1804,f_L_prec7_limits_bigfpart_pos,1577183284,0
1805,f_L_prec7_limits_bigfpart_neg,1577183284,0
1806,f_L_rnd_prec7_rndd_pos,1577183284,0
1807,f_L_rnd_prec7_rndd_neg,1577183284,0
1808,f_L_rnd_prec7_rndu_pos,1577183284,0
1809,f_L_rnd_prec7_rndu_neg,1577183284,0
1810,f_L_rnd_prec7_rndu_multidigit_pos,1577183284,0
1811,f_L_rnd_prec7_rndu_multidigit_neg,1577183284,0
1812,f_L_rnd_prec7_rndd_multidigit_pos,1577183284,0
1813,f_L_rnd_prec7_rndd_multidigit_neg,1577183284,0
1814,f_L_rnd_prec7_rndd_wholnobump_pos,1577183284,0
1815,f_L_rnd_prec7_rndd_wholnobump_neg,1577183284,0
1816,f_L_rnd_prec7_rndu_bumpwhole_pos,1577183284,0
1817,f_L_prec8_1,1577183284,0
1818,f_L_prec8_fltonly,1577183284,0
1819,f_L_prec8_whole,1577183284,0
1820,f_L_prec8_negative,1577183284,0
1821,f_L_prec8_positive_3_3,1577183284,0
1822,f_L_prec8_negative_3_3,1577183284,0
1823,f_L_prec8_positive_smallfpart,1577183284,0
1824,f_L_prec8_positive_allsmall,1577183284,0
1825,f_L_prec8_negative_smallfpart,1577183284,0
1826,f_L_prec8_negative_allsmall,1577183284,0
1827,f_L_prec8_limits_allsmall_pos,1577183284,0
1828,f_L_prec8_limits_allsmall_neg,1577183284,0
1829,f_L_prec8_limits_smallfpart_pos,1577183284,0
1830,f_L_prec8_limits_smallfpart_neg,1577183284,0
1831,f_L_prec8_limits_allbig_pos,1577183284,0
1832,f_L_prec8_limits_allbig_neg,1577183284,0
1833,f_L_prec8_limits_bigfpart_pos,1577183284,0
1834,f_L_prec8_limits_bigfpart_neg,1577183284,0
1835,f_L_rnd_prec8_rndd_pos,1577183284,0
1836,f_L_rnd_prec8_rndd_neg,1577183284,0
1837,f_L_rnd_prec8_rndu_pos,1577183284,0
1838,f_L_rnd_prec8_rndu_neg,1577183284,0
1839,f_L_rnd_prec8_rndu_multidigit_pos,1577183284,0
1840,f_L_rnd_prec8_rndu_multidigit_neg,1577183284,0
1841,f_L_rnd_prec8_rndd_multidigit_pos,1577183284,0
1842,f_L_rnd_prec8_rndd_multidigit_neg,1577183284,0
1843,f_L_rnd_prec8_rndd_wholnobump_pos,1577183284,0
1844,f_L_rnd_prec8_rndd_wholnobump_neg,1577183284,0
1845,f_L_rnd_prec8_rndu_bumpwhole_pos,1577183284,0
1846,f_L_prec9_1,1577183284,0
1847,f_L_prec9_fltonly,1577183284,0
1848,f_L_prec9_whole,1577183284,0
1849,f_L_prec9_negative,1577183284,0
1850,f_L_prec9_positive_3_3,1577183284,0
1851,f_L_prec9_negative_3_3,1577183284,0
1852,f_L_prec9_positive_smallfpart,1577183284,0
1853,f_L_prec9_positive_allsmall,1577183284,0
1854,f_L_prec9_negative_smallfpart,1577183284,0
1855,f_L_prec9_negative_allsmall,1577183284,0
1856,f_L_prec9_limits_allsmall_pos,1577183284,0
1857,f_L_prec9_limits_allsmall_neg,1577183284,0
1858,f_L_prec9_limits_smallfpart_pos,1577183284,0
1859,f_L_prec9_limits_smallfpart_neg,1577183284,0
1860,f_L_prec9_limits_allbig_pos,1577183284,0
1861,f_L_prec9_limits_allbig_neg,1577183284,0
1862,f_L_prec9_limits_bigfpart_pos,1577183284,0
1863,f_L_prec9_limits_bigfpart_neg,1577183284,0
1864,f_L_rnd_prec9_rndd_pos,1577183284,0
1865,f_L_rnd_prec9_rndd_neg,1577183284,0
1866,f_L_rnd_prec9_rndu_pos,1577183284,0
1867,f_L_rnd_prec9_rndu_neg,1577183284,0
1868,f_L_rnd_prec9_rndu_multidigit_pos,1577183284,0
1869,f_L_rnd_prec9_rndu_multidigit_neg,1577183284,0
1870,f_L_rnd_prec9_rndd_multidigit_pos,1577183284,0
1871,f_L_rnd_prec9_rndd_multidigit_neg,1577183284,0
1872,f_L_rnd_prec9_rndd_wholnobump_pos,1577183284,0
1873,f_L_rnd_prec9_rndd_wholnobump_neg,1577183284,0
1874,f_L_rnd_prec9_rndu_bumpwhole_pos,1577183284,0
1875,f_L_stress_prec10_1,1577183284,0
1876,f_L_stress_prec10_fltonly,1577183284,0
1877,f_L_stress_prec10_whole,1577183284,0
1878,f_L_stress_prec10_negative,1577183284,0
1879,f_L_stress_prec10_positive_3_10,1577183284,0
1880,f_L_stress_prec10_negative_3_10,1577183284,0
1881,f_L_stress_prec10_pos,1577183284,0
1882,f_L_stress_prec10_neg,1577183284,0
1883,f_L_stress_prec10_rndd_pos,1577183284,0
1884,f_L_stress_prec10_rndd_neg,1577183284,0
1885,f_L_stress_prec10_rndu_pos,1577183284,0
1886,f_L_stress_prec10_rndu_neg,1577183284,0
1887,f_L_stress_prec10_positive_smallfpart,1577183284,0
1888,f_L_stress_prec10_positive_allsmall,1577183284,0
1889,f_L_stress_prec10_negative_smallfpart,1577183284,0
1890,f_L_stress_prec10_negative_allsmall,1577183284,0
1891,f_L_stress_prec10_limits_allsmall_pos,1577183284,0
1892,f_L_stress_prec10_limits_allsmall_neg,1577183284,0
1893,f_L_stress_prec10_limits_smallfpart_pos,1577183284,0
1894,f_L_stress_prec10_limits_smallfpart_neg,1577183284,0
1895,f_L_stress_prec10_limits_allbig_pos,1577183284,0
1896,f_L_stress_prec10_limits_allbig_neg,1577183284,0
1897,f_L_stress_prec10_limits_bigfpart_pos,1577183284,0
1898,f_L_stress_prec10_limits_bigfpart_neg,1577183284,0
1899,f_L_stress_prec12_rndu,1577183284,0
1900,f_L_stress_prec12_rndd,1577183284,0
1901,f_L_stress_prec12_limits_tiny,1577183284,0
1902,f_L_stress_prec12_limits_big,1577183284,0
1903,f_L_stress_prec14_rndu,1577183284,0
1904,f_L_stress_prec14_rndd,1577183284,0
1905,f_L_stress_prec14_limits_tiny,1577183284,0
1906,f_L_stress_prec14_limits_big,1577183284,0
1907,f_L_stress_prec16_rndu,1577183284,0
1908,f_L_stress_prec16_rndd,1577183284,0
1909,f_L_stress_prec16_limits_tiny,1577183284,0
1910,f_L_stress_prec16_limits_big,1577183284,0
1911,f_L_stress_prec17_rndu,1577183284,0
1912,f_L_stress_prec17_rndd,1577183284,0
1913,f_L_stress_prec17_limits_tiny,1577183284,0
1914,f_L_stress_prec17_limits_big,1577183284,0
1915,f_L_stress_prec18_rndu,1577183284,0
1916,f_L_stress_prec18_rndd,1577183284,0
1917,f_L_stress_prec18_limits_tiny,1577183284,0
1918,f_L_stress_prec18_limits_big,1577183284,0
1919,f_L_stress_prec19_rndu,1577183284,0
1920,f_L_stress_prec19_rndd,1577183284,0
1921,f_L_stress_prec19_limits_tiny,1577183284,0
1922,f_L_stress_prec19_limits_big,1577183284,0
1923,f_L_stress_prec20_rndu,1577183284,0
1924,f_L_stress_prec20_rndd,1577183284,0
1925,f_L_stress_prec20_limits_tiny,1577183284,0
1926,f_L_stress_prec20_limits_big,1577183284,0
1927,f_L_reserved_values_inf,1577183284,0
1928,f_L_reserved_values_ninf,1577183284,0
1929,f_L_reserved_values_nan,1577183284,0
1930,f_L_reserved_values_pzero,1577183284,0
1931,f_L_reserved_values_nzero,1577183284,0
1932,f_L_reserved_values_inf_6w,1577183284,0
1933,f_L_reserved_values_ninf_6w,1577183284,0
1934,f_L_reserved_values_nan_6w,1577183284,0
1935,f_L_reserved_values_pzero_6w,1577183284,0
1936,f_L_reserved_values_nzero_6w,1577183284,0
1937,f_L_reserved_values_inf_6wlj,1577183284,0
1938,f_L_reserved_values_ninf_6wlj,1577183284,0
1939,f_L_reserved_values_nan_6wlj,1577183284,0
1940,f_L_reserved_values_pzero_6wlj,1577183284,0
1941,f_L_reserved_values_nzero_6wlj,1577183284,0
1942,f_L_reserved_values_inf_6was,1577183284,0
1943,f_L_reserved_values_ninf_6was,1577183284,0
1944,f_L_reserved_values_nan_6was,1577183284,0
1945,f_L_reserved_values_pzero_6was,1577183284,0
1946,f_L_reserved_values_nzero_6was,1577183284,0
1947,f_L_reserved_values_inf_10w_prec7,1577183284,0
1948,f_L_reserved_values_ninf_10w_prec7,1577183284,0
1949,f_L_reserved_values_nan_10w_prec7,1577183284,0
1950,f_L_reserved_values_pzero_10w_prec7,1577183284,0
1951,f_L_reserved_values_nzero_10w_prec7,1577183284,0
1952,f_L_reserved_values_inf_sp_prec7,1577183284,0
1953,f_L_reserved_values_ninf_sp_prec7,1577183284,0
1954,f_L_reserved_values_nan_sp_prec7,1577183284,0
1955,f_L_reserved_values_pzero_sp_prec7,1577183284,0
1956,f_L_reserved_values_nzero_sp_prec7,1577183284,0
1957,f_L_reserved_values_inf_sp,1577183284,0
1958,f_L_reserved_values_ninf_sp,1577183284,0
1959,f_L_reserved_values_nan_sp,1577183284,0
1960,f_L_reserved_values_pzero_sp,1577183284,0
1961,f_L_reserved_values_nzero_sp,1577183284,0
1962,f_L_reserved_values_inf_6wzp,1577183284,0
1963,f_L_reserved_values_ninf_6wzp,1577183284,0
1964,f_L_reserved_values_nan_6wzp,1577183284,0
1965,f_L_reserved_values_pzero_6wzp,1577183284,0
1966,f_L_reserved_values_nzero_6wzp,1577183284,0
1967,f_L_overprec_might_be_undefbehav_100,1577183284,0
1968,f_L_overprec_might_be_undefbehav_32,1577183284,0
1969,f_L_overprec_might_be_undefbehav_4,1577183284,0
1970,f_L_overprec_might_be_undefbehav_1000,1577183284,0
1971,f_L_overprec_might_be_undefbehav_10_from_0,1577183284,0
1972,f_L_overprec_might_be_undefbehav_2000,1577183284,0
1973,f_L_overprec_might_be_undefbehav_dblmin,1577183284,0
1974,f_L_overprec_might_be_undefbehav_ndblmin,1577183284,0
1975,f_L_limits_dblmax_prec0_notmandatory,0,1577183284
1976,f_L_limits_dblmax_prec3_notmandatory,0,1577183284
1977,f_L_limits_dblmax_precd_notmandatory,0,1577183284
1978,f_L_limits_dblmax_prec8_notmandatory,0,1577183284
1979,f_L_stress_limits_dblmax_prec12_notmandatory,0,1577183284
1980,f_L_stress_limits_dblmax_prec16_notmandatory,0,1577183284
1981,f_L_stress_limits_dblmax_prec18_notmandatory,0,1577183284
1982,f_L_limits_ndblmax_prec0_notmandatory,0,1577183284
1983,f_L_limits_ndblmax_prec3_notmandatory,0,1577183284
1984,f_L_limits_ndblmax_precd_notmandatory,0,1577183284
1985,f_L_limits_ndblmax_prec8_notmandatory,0,1577183284
1986,f_L_stress_limits_ndblmax_prec12_notmandatory,0,1577183373
1987,f_L_stress_limits_ndblmax_prec16_notmandatory,0,1577183284
1988,f_L_stress_limits_ndblmax_prec18_notmandatory,0,1577183284
1989,f_L_limits_dblmin_prec0,1577183284,0
1990,f_L_limits_dblmin_prec3,1577183284,0
1991,f_L_limits_dblmin_precd,1577183284,0
1992,f_L_limits_dblmin_prec8,1577183284,0
1993,f_L_stress_limits_dblmin_prec12,1577183284,0
1994,f_L_stress_limits_dblmin_prec16,1577183284,0
1995,f_L_stress_limits_dblmin_prec18,1577183284,0
1996,f_L_limits_ndblmin_prec0,1577183284,0
1997,f_L_limits_ndblmin_prec3,1577183284,0
1998,f_L_limits_ndblmin_precd,1577183284,0
1999,f_L_limits_ndblmin_prec8,1577183284,0
2000,f_L_stress_limits_ndblmin_prec12,1577183284,0
2001,f_L_stress_limits_ndblmin_prec16,1577183284,0
2002,f_L_stress_limits_ndblmin_prec18,1577183284,0
2003,argnum_simple_swap,0,1577183258
2004,argnum_swap_around_pct,0,1577183258
2005,argnum_swap_strfloat,1577183258,0
2006,argnum_swap_floatstr,1577183258,0
2007,argnum_swap_ldblstr,1577183258,0
2008,argnum_swap_strldbl,1577183258,0
2009,argnum_swap_ldblchar,0,1577183258
2010,argnum_swap_charldbl,1577183258,0
2011,argnum_swap_floatstr_around_pct,1577183258,0
2012,argnum_swap_strfloat_around_pct,1577183258,0
2013,argnum_loopback_throwswarning,0,1577183258
2014,argnum_onlyone,0,1577183258
2015,argnum_start2thentofloatthen1_throwswarning,0,1577183258
2016,argnum_ultimate_1_throwswarning,0,1577183258
2017,argnum_ultimate_2_throwswarning,0,1577183258
2018,argnum_ultimate_2_with_pct_throwswarning,0,1577183258
2019,mix_test_0,1577183258,0
2020,mix_test_1,1577183258,0
2021,mix_test_2,1577183258,0
2022,mix_test_3,1577183258,0
2023,mix_test_4,1577183258,0
2024,mix_test_5,1577183258,0
2025,mix_test_6,1577183258,0
2026,mix_test_7,1577183258,0
2027,mix_test_8,1577183258,0
2028,mix_test_9,1577183258,0
2029,mix_test_10,1577183258,0
2030,mix_test_11,1577183258,0
2031,mix_test_12,1577183258,0
2032,mix_test_13,1577183258,0
2033,mix_test_14,1577183258,0
2034,mix_test_15,1577183258,0
2035,mix_test_16,1577183258,0
2036,mix_test_17,1577183258,0
2037,mix_test_18,1577183258,0
2038,mix_test_19,1577183258,0
2039,mix_test_20,1577183258,0
2040,mix_test_21,1577183258,0
2041,mix_test_22,1577183258,0
2042,mix_test_23,1577183258,0
2043,mix_test_24,1577183258,0
2044,mix_test_25,1577183258,0
2045,mix_test_26,1577183258,0
2046,mix_test_27,1577183258,0
2047,mix_test_28,1577183258,0
2048,mix_test_29,1577183258,0
2049,mix_test_30,1577183258,0
2050,mix_test_31,1577183258,0
2051,mix_test_32,1577183258,0
2052,mix_test_33,1577183258,0
2053,mix_test_34,1577183258,0
2054,mix_test_35,1577183258,0
2055,mix_test_36,1577183258,0
2056,mix_test_37,1577183258,0
2057,mix_test_38,1577183258,0
2058,mix_test_39,1577183258,0
2059,mix_test_40,1577183258,0
2060,mix_test_41,1577183258,0
2061,mix_test_42,1577183258,0
2062,mix_test_43,1577183258,0
2063,mix_test_44,1577183258,0
2064,mix_test_45,1577183258,0
2065,mix_test_46,1577183258,0
2066,mix_test_47,1577183258,0
2067,mix_test_48,1577183258,0
2068,mix_test_49,1577183258,0
2069,mix_test_50,1577183258,0
2070,mix_test_51,1577183258,0
2071,mix_test_52,1577183258,0
2072,mix_test_53,1577183258,0
2073,mix_test_54,1577183258,0
2074,mix_test_55,1577183258,0
2075,mix_test_56,1577183258,0
2076,mix_test_57,1577183258,0
2077,mix_test_58,1577183258,0
2078,mix_test_59,1577183258,0
2079,mix_test_60,1577183258,0
2080,mix_test_61,1577183258,0
2081,mix_test_62,1577183258,0
2082,mix_test_63,1577183258,0
2083,mix_test_64,1577183258,0
2084,mix_test_65,1577183258,0
2085,mix_test_66,1577183258,0
2086,mix_test_67,1577183258,0
2087,mix_test_68,1577183258,0
2088,mix_test_69,1577183258,0
2089,mix_test_70,1577183258,0
2090,mix_test_71,1577183258,0
2091,mix_test_72,1577183258,0
2092,mix_test_73,1577183258,0
2093,mix_test_74,1577183258,0
2094,mix_test_75,1577183258,0
2095,mix_test_76,1577183258,0
2096,mix_test_77,1577183258,0
2097,mix_test_78,1577183258,0
2098,mix_test_79,1577183258,0
2099,mix_test_80,1577183258,0
2100,mix_test_81,1577183258,0
2101,mix_test_82,1577183258,0
2102,mix_test_83,1577183258,0
2103,mix_test_84,1577183258,0
2104,mix_test_85,1577183258,0
2105,mix_test_86,1577183258,0
2106,mix_test_87,1577183258,0
2107,mix_test_88,1577183258,0
2108,mix_test_89,1577183258,0
2109,mix_test_90,1577183258,0
2110,mix_test_91,1577183258,0
2111,mix_test_92,1577183258,0
2112,mix_test_93,1577183258,0
2113,mix_test_94,1577183258,0
2114,mix_test_95,1577183258,0
2115,mix_test_96,1577183258,0
2116,mix_test_97,1577183258,0
2117,mix_test_98,1577183258,0
2118,mix_test_99,1577183258,0
2119,mix_test_100,1577183258,0
2120,mix_test_101,1577183258,0
2121,mix_test_102,1577183258,0
2122,mix_test_103,1577183258,0
2123,mix_test_104,1577183258,0
2124,mix_test_105,1577183258,0
2125,mix_test_106,1577183258,0
2126,mix_test_107,1577183258,0
2127,mix_test_108,1577183258,0
2128,mix_test_109,1577183258,0
2129,mix_test_110,1577183258,0
2130,mix_test_111,1577183258,0
2131,mix_test_112,1577183258,0
2132,mix_test_113,1577183258,0
2133,mix_test_114,1577183258,0
2134,mix_test_115,1577183258,0
2135,mix_test_116,1577183258,0
2136,mix_test_117,1577183258,0
2137,mix_test_118,1577183258,0
2138,mix_test_119,1577183258,0
2139,mix_test_120,1577183258,0
2140,mix_test_121,1577183258,0
2141,mix_test_122,1577183258,0
2142,mix_test_123,1577183258,0
2143,mix_test_124,1577183258,0
2144,mix_test_125,1577183258,0
2145,mix_test_126,1577183258,0
2146,mix_test_127,1577183258,0
2147,mix_test_128,1577183258,0
2148,mix_test_129,1577183258,0
2149,mix_test_130,1577183258,0
2150,mix_test_131,1577183258,0
2151,mix_test_132,1577183258,0
2152,mix_test_133,1577183258,0
2153,mix_test_134,1577183258,0
2154,mix_test_135,1577183258,0
2155,mix_test_136,1577183258,0
2156,mix_test_137,1577183258,0
2157,mix_test_138,1577183258,0
2158,mix_test_139,1577183258,0
2159,mix_test_140,1577183258,0
2160,mix_test_141,1577183258,0
2161,mix_test_142,1577183258,0
2162,mix_test_143,1577183258,0
2163,mix_test_144,1577183258,0
2164,mix_test_145,1577183258,0
2165,mix_test_146,1577183258,0
2166,mix_test_147,1577183258,0
2167,mix_test_148,1577183258,0
2168,mix_test_149,1577183258,0
2169,mix_test_150,1577183258,0
2170,mix_test_151,1577183258,0
2171,mix_test_152,1577183258,0
2172,mix_test_153,1577183258,0
2173,mix_test_154,1577183258,0
2174,mix_test_155,1577183258,0
2175,mix_test_156,1577183258,0
2176,mix_test_157,1577183258,0
2177,mix_test_158,1577183258,0
2178,mix_test_159,1577183258,0
2179,mix_test_160,1577183258,0
2180,mix_test_161,1577183258,0
2181,mix_test_162,1577183258,0
2182,mix_test_163,1577183258,0
2183,mix_test_164,1577183258,0
2184,mix_test_165,1577183258,0
2185,mix_test_166,1577183258,0
2186,mix_test_167,1577183258,0
2187,mix_test_168,1577183258,0
2188,mix_test_169,1577183258,0
2189,mix_test_170,1577183258,0
2190,mix_test_171,1577183258,0
2191,mix_test_172,1577183258,0
2192,mix_test_173,1577183258,0
2193,mix_test_174,1577183258,0
2194,mix_test_175,1577183258,0
2195,mix_test_176,1577183258,0
2196,mix_test_177,1577183258,0
2197,mix_test_178,1577183258,0
2198,mix_test_179,1577183258,0
2199,mix_test_180,1577183258,0
2200,mix_test_181,1577183258,0
2201,mix_test_182,1577183258,0
2202,mix_test_183,1577183258,0
2203,mix_test_184,1577183258,0
2204,mix_test_185,1577183258,0
2205,mix_test_186,1577183258,0
2206,mix_test_187,1577183258,0
2207,mix_test_188,1577183258,0
2208,mix_test_189,1577183258,0
2209,mix_test_190,1577183258,0
2210,mix_test_191,1577183258,0
2211,mix_test_192,1577183258,0
2212,mix_test_193,1577183258,0
2213,mix_test_194,1577183258,0
2214,mix_test_195,1577183258,0
2215,mix_test_196,1577183258,0
2216,mix_test_197,1577183258,0
2217,mix_test_198,1577183258,0
2218,mix_test_199,1577183258,0
2219,mix_test_extra_1,1577183258,0
2220,mix_test_extra_2,1577183258,0
2221,mix_test_extra_3,1577183258,0
2222,mix_test_extra_4,1577183258,0
2223,mix_test_extra_5,1577183258,0
2224,mix_test_extra_6,1577183258,0
2225,mix_test_extra_7,1577183258,0
2226,mix_test_extra_8,1577183258,0
2227,mix_test_extra_9,1577183258,0
2228,mix_test_extra_10,1577183258,0
2229,mix_successive_0,1577183258,0
2230,mix_successive_1,1577183258,0
2231,mix_successive_2,1577183258,0
2232,mix_successive_3,1577183258,0
2233,mix_successive_4,1577183258,0
2234,mix_successive_5,1577183258,0
2235,mix_successive_6,1577183258,0
2236,mix_successive_7,1577183258,0
2237,mix_successive_8,1577183258,0
2238,mix_successive_9,1577183258,0
2239,mix_successive_10,1577183258,0
2240,mix_successive_11,1577183258,0
2241,mix_successive_12,1577183258,0
2242,mix_successive_13,1577183258,0
2243,mix_successive_14,1577183258,0
2244,mix_successive_15,1577183258,0
2245,mix_successive_16,1577183258,0
2246,mix_successive_17,1577183258,0
2247,mix_successive_18,1577183258,0
2248,mix_successive_19,1577183258,0
2249,mix_successive_20,1577183258,0
2250,mix_successive_21,1577183258,0
2251,mix_successive_22,1577183258,0
2252,mix_successive_23,1577183258,0
2253,mix_successive_24,1577183258,0
2254,mix_successive_25,1577183258,0
2255,mix_successive_26,1577183258,0
2256,mix_successive_27,1577183258,0
2257,mix_successive_28,1577183258,0
2258,mix_successive_29,1577183258,0
2259,mix_successive_30,1577183258,0
2260,mix_successive_31,1577183258,0
2261,mix_successive_32,1577183258,0
2262,mix_successive_33,1577183258,0
2263,mix_successive_34,1577183258,0
2264,mix_successive_35,1577183258,0
2265,mix_successive_36,1577183258,0
2266,mix_successive_37,1577183258,0
2267,mix_successive_38,1577183258,0
2268,mix_successive_39,1577183258,0
2269,mix_successive_40,1577183258,0
2270,mix_successive_41,1577183258,0
2271,mix_successive_42,1577183258,0
2272,mix_successive_43,1577183258,0
2273,mix_successive_44,1577183258,0
2274,mix_successive_45,1577183258,0
2275,mix_successive_46,1577183258,0
2276,mix_successive_47,1577183258,0
2277,mix_successive_48,1577183258,0
2278,mix_successive_49,1577183258,0
2279,mix_successive_50,1577183258,0
2280,mix_successive_51,1577183258,0
2281,mix_successive_52,1577183258,0
2282,mix_successive_53,1577183258,0
2283,mix_successive_54,1577183258,0
2284,mix_successive_55,1577183258,0
2285,mix_successive_56,1577183258,0
2286,mix_successive_57,1577183258,0
2287,mix_successive_58,1577183258,0
2288,mix_successive_59,1577183258,0
2289,mix_successive_60,1577183258,0
2290,mix_successive_61,1577183258,0
2291,mix_successive_62,1577183258,0
2292,mix_successive_63,1577183258,0
2293,mix_successive_64,1577183258,0
2294,mix_successive_65,1577183258,0
2295,mix_successive_66,1577183258,0
2296,mix_successive_67,1577183258,0
2297,mix_successive_68,1577183258,0
2298,mix_successive_69,1577183258,0
2299,mix_successive_70,1577183258,0
2300,nocrash_noarg_1_notmandatory,1577183258,0
2301,nocrash_noarg_2_notmandatory,1577183258,0
2302,nocrash_noarg_3_notmandatory,1577183258,0
2303,nocrash_noarg_4_notmandatory,1577183258,0
2304,nocrash_noarg_5_notmandatory,1577183258,0
2305,nocrash_noarg_6_notmandatory,1577183258,0
2306,nocrash_noarg_9_notmandatory,1577183258,0
2307,nocrash_noarg_10_notmandatory,1577183258,0
2308,nocrash_noarg_11_notmandatory,1577183258,0
2309,nocrash_noarg_12_notmandatory,1577183258,0
2310,nocrash_noarg_13_notmandatory,1577183258,0
2311,nocrash_noarg_14_notmandatory,1577183258,0
2312,nocrash_noarg_15_notmandatory,1577183258,0
2313,nocrash_noarg_16_notmandatory,1577183258,0
2314,nocrash_noarg_17_notmandatory,1577183258,0
2315,nocrash_noarg_19_notmandatory,1577183258,0
2316,nocrash_noarg_20_notmandatory,1577183258,0
2317,nocrash_noarg_21_notmandatory,1577183258,0
2318,nocrash_noarg_22_notmandatory,1577183258,0
2319,nocrash_noarg_24_notmandatory,1577183258,0
2320,nocrash_noarg_25_notmandatory,1577183258,0
2321,nocrash_nullarg_1,1577183258,0
2322,nocrash_nullarg_2,1577183258,0
2323,nocrash_nullarg_3,1577183258,0
2324,nocrash_nullarg_4,1577183258,0
2325,nocrash_nullarg_5,1577183258,0
2326,nocrash_nullarg_6,1577183258,0
2327,nocrash_nullarg_9,1577183258,0
2328,nocrash_nullarg_10,1577183258,0
2329,nocrash_nullarg_11,1577183258,0
2330,nocrash_nullarg_12,1577183258,0
2331,nocrash_nullarg_13,1577183258,0
2332,nocrash_nullarg_14,1577183258,0
2333,nocrash_nullarg_15,1577183258,0
2334,nocrash_nullarg_16,1577183258,0
2335,nocrash_nullarg_17,1577183258,0
2336,nocrash_nullarg_18,1577183258,0
2337,nocrash_nullarg_19,1577183258,0
2338,nocrash_nullarg_20,1577183258,0
2339,nocrash_nullarg_21,1577183258,0
2340,nocrash_nullarg_22,1577183258,0
2341,nocrash_nullarg_23,1577183258,0
2342,nocrash_nullarg_24,1577183258,0
2343,nocrash_nullarg_25,1577183258,0
2344,nocrash_mandatory_wformat_undefbehav_01,1577183258,0
2345,nocrash_mandatory_wformat_undefbehav_02,1577183258,0
2346,nocrash_mandatory_wformat_undefbehav_03,1577183258,0
2347,nocrash_mandatory_wformat_undefbehav_04,1577183258,0
2348,nocrash_mandatory_wformat_undefbehav_05,1577183258,0
2349,nocrash_mandatory_wformat_undefbehav_06,1577183258,0
2350,nocrash_mandatory_wformat_undefbehav_07,1577183258,0
2351,nocrash_mandatory_wformat_undefbehav_08,1577183258,0
2352,nocrash_mandatory_wformat_undefbehav_09,1577183258,0
2353,nocrash_mandatory_wformat_undefbehav_10,1577183258,0
2354,nocrash_mandatory_wformat_undefbehav_11,1577183258,0
2355,nocrash_mandatory_wformat_undefbehav_12,1577183258,0
2356,nocrash_mandatory_wformat_undefbehav_13,1577183258,0
2357,nocrash_mandatory_wformat_undefbehav_14,1577183258,0
2358,nocrash_mandatory_wformat_undefbehav_15,1577183258,0
2359,nocrash_mandatory_wformat_undefbehav_16,1577183258,0
2360,nocrash_mandatory_wformat_undefbehav_17,1577183258,0
2361,nocrash_mandatory_wformat_undefbehav_18,1577183258,0
2362,nocrash_mandatory_wformat_undefbehav_19,1577183258,0
2363,nocrash_mandatory_wformat_undefbehav_20,1577183258,0
2364,nocrash_mandatory_wformat_undefbehav_21,1577183258,0
2365,nocrash_mandatory_wformat_undefbehav_22,1577183258,0
2366,nocrash_mandatory_wformat_undefbehav_23,1577183258,0
2367,nocrash_mandatory_wformat_undefbehav_24,1577183258,0
2368,nocrash_mandatory_wformat_undefbehav_25,1577183258,0
2369,nocrash_mandatory_wformat_undefbehav_26,1577183258,0
2370,nocrash_mandatory_wformat_undefbehav_27,1577183258,0
2371,nocrash_mandatory_wformat_undefbehav_28,1577183258,0
2372,nocrash_mandatory_wformat_undefbehav_29,1577183258,0
2373,nocrash_mandatory_wformat_undefbehav_30,1577183258,0
2374,nocrash_mandatory_wformat_undefbehav_31,1577183258,0
2375,nocrash_mandatory_wformat_undefbehav_32,1577183258,0
2376,nocrash_mandatory_wformat_undefbehav_33,1577183258,0
2377,nocrash_mandatory_wformat_undefbehav_34,1577183258,0
2378,nocrash_mandatory_wformat_undefbehav_35,1577183258,0
2379,nocrash_mandatory_wformat_undefbehav_36,1577183258,0
2380,nocrash_mandatory_wformat_undefbehav_37,1577183258,0
2381,nocrash_mandatory_wformat_undefbehav_38,1577183258,0
2382,nocrash_mandatory_wformat_undefbehav_39,1577183258,0
2383,nocrash_mandatory_wformat_undefbehav_40,1577183258,0
2384,nocrash_mandatory_dupflag_d_asas,1577183258,0
2385,nocrash_mandatory_dupflag_d_spsp,1577183258,0
2386,nocrash_mandatory_dupflag_d_spassp,1577183258,0
2387,nocrash_mandatory_dupflag_d_ljljw,1577183258,0
2388,nocrash_mandatory_dupflag_d_ljasljw,1577183258,0
2389,nocrash_mandatory_dupflag_x_afaf,1577183258,0
2390,nocrash_mandatory_dupflag_x_afasasafljw,1577183258,0
2391,nocrash_mandatory_c_prec_1,1577183258,0
2392,nocrash_mandatory_c_prec_2,1577183258,0
2393,nocrash_mandatory_c_af,1577183258,0
2394,nocrash_mandatory_c_zp_1,1577183258,0
2395,nocrash_mandatory_c_zp_2,1577183258,0
2396,nocrash_mandatory_c_as_1,1577183258,0
2397,nocrash_mandatory_c_as_2,1577183258,0
2398,nocrash_mandatory_c_sp_1,1577183258,0
2399,nocrash_mandatory_c_sp_2,1577183258,0
2400,nocrash_mandatory_c_size_hh,1577183258,0
2401,nocrash_mandatory_c_size_h,1577183258,0
2402,nocrash_mandatory_c_size_l,1577183258,0
2403,nocrash_mandatory_c_size_ll,1577183258,0
2404,nocrash_mandatory_c_size_L,1577183258,0
2405,nocrash_mandatory_c_lj_nowidth,1577183258,0
2406,nocrash_mandatory_s_af,1577183258,0
2407,nocrash_mandatory_s_zp_1,1577183258,0
2408,nocrash_mandatory_s_zp_2,1577183258,0
2409,nocrash_mandatory_s_as_1,1577183258,0
2410,nocrash_mandatory_s_sp_1,1577183258,0
2411,nocrash_mandatory_s_size_hh,1577183258,0
2412,nocrash_mandatory_s_size_h,1577183258,0
2413,nocrash_mandatory_s_size_l,1577183258,0
2414,nocrash_mandatory_s_size_ll,1577183258,0
2415,nocrash_mandatory_s_size_L,1577183258,0
2416,nocrash_mandatory_s_lj_nowidth,1577183258,0
2417,nocrash_mandatory_p_prec_1,1577183258,0
2418,nocrash_mandatory_p_prec_2,1577183258,0
2419,nocrash_mandatory_p_af,1577183258,0
2420,nocrash_mandatory_p_zp_1,1577183258,0
2421,nocrash_mandatory_p_zp_2,1577183258,0
2422,nocrash_mandatory_p_as_1,1577183258,0
2423,nocrash_mandatory_p_as_2,1577183258,0
2424,nocrash_mandatory_p_sp_1,1577183258,0
2425,nocrash_mandatory_p_sp_2,1577183258,0
2426,nocrash_mandatory_p_size_hh,1577183258,0
2427,nocrash_mandatory_p_size_h,1577183258,0
2428,nocrash_mandatory_p_size_l,1577183258,0
2429,nocrash_mandatory_p_size_ll,1577183258,0
2430,nocrash_mandatory_p_size_L,1577183258,0
2431,nocrash_mandatory_p_lj_nowidth,1577183258,0
2432,nocrash_mandatory_d_size_L,1577183258,0
2433,nocrash_mandatory_d_af,1577183258,0
2434,nocrash_mandatory_d_size_hhh,1577183258,0
2435,nocrash_mandatory_d_size_hhhh,1577183258,0
2436,nocrash_mandatory_d_size_hhl,1577183258,0
2437,nocrash_mandatory_d_size_hhll,1577183258,0
2438,nocrash_mandatory_d_size_llh,1577183258,0
2439,nocrash_mandatory_d_size_lll,1577183258,0
2440,nocrash_mandatory_i_size_L,1577183258,0
2441,nocrash_mandatory_i_af,1577183258,0
2442,nocrash_mandatory_i_size_hhh,1577183258,0
2443,nocrash_mandatory_i_lj_nowidth,1577183258,0
2444,nocrash_mandatory_o_as,1577183258,0
2445,nocrash_mandatory_o_sp,1577183258,0
2446,nocrash_mandatory_o_size_L,1577183258,0
2447,nocrash_mandatory_o_size_hhh,1577183258,0
2448,nocrash_mandatory_o_size_hhhh,1577183258,0
2449,nocrash_mandatory_o_size_hhl,1577183258,0
2450,nocrash_mandatory_o_size_hhll,1577183258,0
2451,nocrash_mandatory_o_size_llh,1577183258,0
2452,nocrash_mandatory_o_size_lll,1577183258,0
2453,nocrash_mandatory_o_lj_nowidth,1577183258,0
2454,nocrash_mandatory_u_size_L,1577183258,0
2455,nocrash_mandatory_u_af,1577183258,0
2456,nocrash_mandatory_u_as,1577183258,0
2457,nocrash_mandatory_u_sp,1577183258,0
2458,nocrash_mandatory_u_size_hhh,1577183258,0
2459,nocrash_mandatory_u_size_hhhh,1577183258,0
2460,nocrash_mandatory_u_size_hhl,1577183258,0
2461,nocrash_mandatory_u_size_hhll,1577183258,0
2462,nocrash_mandatory_u_size_llh,1577183258,0
2463,nocrash_mandatory_u_size_lll,1577183258,0
2464,nocrash_mandatory_u_lj_nowidth,1577183258,0
2465,nocrash_mandatory_x_size_L,1577183258,0
2466,nocrash_mandatory_x_as,1577183258,0
2467,nocrash_mandatory_x_sp,1577183258,0
2468,nocrash_mandatory_x_size_hhh,1577183258,0
2469,nocrash_mandatory_x_size_hhhh,1577183258,0
2470,nocrash_mandatory_x_size_hhl,1577183258,0
2471,nocrash_mandatory_x_size_hhll,1577183258,0
2472,nocrash_mandatory_x_size_llh,1577183258,0
2473,nocrash_mandatory_x_size_lll,1577183258,0
2474,nocrash_mandatory_X_size_L,1577183258,0
2475,nocrash_mandatory_X_as,1577183258,0
2476,nocrash_mandatory_X_sp,1577183258,0
2477,nocrash_mandatory_X_size_hhh,1577183258,0
2478,nocrash_mandatory_X_size_llh,1577183258,0
2479,nocrash_mandatory_x_lj_nowidth,1577183258,0
2480,nocrash_mandatory_f_size_hh,1577183258,0
2481,nocrash_mandatory_f_size_h,1577183258,0
2482,nocrash_mandatory_f_size_ll,1577183258,0
2483,nocrash_mandatory_f_size_lll,1577183258,0
2484,nocrash_mandatory_f_size_llll,1577183258,0
2485,nocrash_mandatory_f_size_LL,1577183258,0
2486,nocrash_mandatory_f_size_Ll,1577183258,0
2487,nocrash_mandatory_f_size_lL,1577183258,0
2488,nocrash_mandatory_f_lj_nowidth,1577183258,0
2489,moul_s_1,1577183258,0
2490,moul_s_2,1577183258,0
2491,moul_s_3,1577183258,0
2492,moul_s_4,1577183258,0
2493,moul_s_5_this_ones_a_doozy,1577183258,0
2494,moul_d_1,1577183258,0
2495,moul_d_2,1577183258,0
2496,moul_d_3,1577183258,0
2497,moul_d_4,1577183258,0
2498,moul_d_5,1577183258,0
2499,moul_d_6,1577183258,0
2500,moul_d_7,1577183258,0
2501,moul_d_8,1577183258,0
2502,moul_d_9,1577183258,0
2503,moul_d_10,1577183258,0
2504,moul_d_11,1577183258,0
2505,moul_d_12,1577183258,0
2506,moul_mix_1,1577183258,0
2507,moul_c_1,1577183258,0
2508,moul_c_2,1577183258,0
2509,moul_c_3,1577183258,0
2510,moul_c_4,1577183258,0
2511,moul_c_5,1577183258,0
2512,moul_c_5b,1577183258,0
2513,moul_c_6,1577183258,0
2514,moul_c_7,1577183258,0
2515,moul_c_8,1577183258,0
2516,moul_c_9,1577183258,0
2517,moul_c_10,1577183258,0
2518,moul_c_11,1577183258,0
2519,moul_c_12,1577183258,0
2520,moul_c_13,1577183258,0
2521,moul_c_14,1577183258,0
2522,moul_c_15,1577183258,0
2523,moul_c_16,1577183258,0
2524,moul_c_17,1577183258,0
2525,moul_c_18,1577183258,0
2526,moul_c_19,1577183258,0
2527,moul_c_20,1577183258,0
2528,moul_c_21,1577183258,0
2529,moul_c_22,1577183258,0
2530,moul_c_23,1577183258,0
2531,moul_c_24,1577183258,0
2532,moul_c_25,1577183258,0
2533,moul_c_26,1577183258,0
2534,moul_c_27,1577183258,0
2535,moul_c_28,1577183258,0
2536,moul_ld_1_throwswarning,1577183258,0
2537,moul_ld_2_throwswarning,1577183258,0
2538,moul_ld_3_throwswarning,1577183258,0
2539,moul_ld_4_throwswarning,1577183258,0
2540,moul_ld_5_throwswarning,1577183258,0
2541,moul_ld_6_throwswarning,1577183258,0
2542,moul_ld_7_throwswarning,1577183258,0
2543,moul_ld_8_throwswarning,1577183258,0
2544,moul_ld_9_throwswarning,1577183258,0
2545,moul_ld_10_throwswarning,1577183258,0
2546,moul_ld_11_throwswarning,1577183258,0
2547,moul_ld_12_throwswarning,1577183258,0
2548,moul_D_1_notmandatory,1577183258,0
2549,moul_D_2_notmandatory,1577183258,0
2550,moul_D_3_notmandatory,0,1577183258
2551,moul_D_4_notmandatory,1577183258,0
2552,moul_D_5_notmandatory,1577183258,0
2553,moul_D_6_notmandatory,1577183258,0
2554,moul_D_7_notmandatory,0,1577183258
2555,moul_D_8_notmandatory,1577183258,0
2556,moul_D_9_notmandatory,0,1577183258
2557,moul_D_10_notmandatory,1577183258,0
2558,moul_D_11_notmandatory,1577183258,0
2559,moul_D_12_notmandatory,1577183258,0
2560,moul_i_1,1577183258,0
2561,moul_i_2,1577183258,0
2562,moul_i_3,1577183258,0
2563,moul_i_4,1577183258,0
2564,moul_i_5,1577183258,0
2565,moul_i_6,1577183258,0
2566,moul_i_7,1577183258,0
2567,moul_i_8,1577183258,0
2568,moul_i_9,1577183258,0
2569,moul_i_10,1577183258,0
2570,moul_i_11,1577183258,0
2571,moul_i_12,1577183258,0
2572,moul_f_1,1577183258,0
2573,moul_f_2,1577183258,0
2574,moul_f_3,1577183258,0
2575,moul_f_4,1577183258,0
2576,moul_f_5,1577183258,0
2577,moul_f_6,1577183258,0
2578,moul_f_7,1577183258,0
2579,moul_f_7b,1577183258,0
2580,moul_f_8,1577183258,0
2581,moul_f_9,1577183258,0
2582,moul_f_10,1577183258,0
2583,moul_f_11,1577183258,0
2584,moul_f_12,1577183258,0
2585,moul_F_1_notmandatory,0,1577183258
2586,moul_F_2_notmandatory,0,1577183258
2587,moul_F_3_notmandatory,0,1577183258
2588,moul_F_4_notmandatory,0,1577183258
2589,moul_F_5_notmandatory,0,1577183258
2590,moul_F_6_notmandatory,0,1577183258
2591,moul_F_7_notmandatory,0,1577183258
2592,moul_F_8_notmandatory,0,1577183258
2593,moul_F_9_notmandatory,0,1577183258
2594,moul_F_10_notmandatory,0,1577183258
2595,moul_F_11_notmandatory,0,1577183258
2596,moul_F_12_notmandatory,0,1577183258
2597,moul_F_13_notmandatory,0,1577183258
2598,moul_F_14_notmandatory,0,1577183258
2599,moul_o_1,1577183258,0
2600,moul_o_2,1577183258,0
2601,moul_o_3,1577183258,0
2602,moul_o_4,1577183258,0
2603,moul_o_5,1577183258,0
2604,moul_o_6,1577183258,0
2605,moul_o_7,1577183258,0
2606,moul_o_8,1577183258,0
2607,moul_o_9,1577183258,0
2608,moul_o_10,1577183258,0
2609,moul_o_11,1577183258,0
2610,moul_o_12,1577183258,0
2611,moul_u_1,1577183258,0
2612,moul_u_2,1577183258,0
2613,moul_u_3,1577183258,0
2614,moul_u_4,1577183258,0
2615,moul_u_5,1577183258,0
2616,moul_u_6,1577183258,0
2617,moul_u_7,1577183258,0
2618,moul_u_8,1577183258,0
2619,moul_u_9,1577183258,0
2620,moul_u_10,1577183258,0
2621,moul_u_11,1577183258,0
2622,moul_u_12,1577183258,0
2623,moul_x_1,1577183258,0
2624,moul_x_2,1577183258,0
2625,moul_x_3,1577183258,0
2626,moul_x_4,1577183258,0
2627,moul_x_5,1577183258,0
2628,moul_x_6,1577183258,0
2629,moul_x_7,1577183258,0
2630,moul_x_8,1577183258,0
2631,moul_x_9,1577183258,0
2632,moul_x_10,1577183258,0
2633,moul_x_11,1577183258,0
2634,moul_x_12,1577183258,0
2635,moul_hash_1,1577183258,0
2636,moul_hash_2,1577183258,0
2637,moul_hash_3,1577183258,0
2638,moul_hash_4,1577183258,0
2639,moul_hash_5,1577183258,0
2640,moul_hash_6,1577183258,0
2641,moul_hash_7,1577183258,0
2642,moul_hash_8,1577183258,0
2643,moul_hash_9,1577183258,0
2644,moul_hash_10,1577183258,0
2645,moul_hash_11,1577183258,0
2646,moul_hash_12,1577183258,0
2647,moul_prec_1,1577183258,0
2648,moul_prec_2,1577183258,0
2649,moul_prec_3,1577183258,0
2650,moul_prec_4,1577183258,0
2651,moul_prec_5,1577183258,0
2652,moul_zeropad_1,1577183258,0
2653,moul_zeropad_2,1577183258,0
2654,moul_zeropad_3,1577183258,0
2655,moul_zeropad_4,1577183258,0
2656,moul_leftjusty_1,1577183258,0
2657,moul_leftjusty_2,1577183258,0
2658,moul_leftjusty_3,1577183258,0
2659,moul_leftjusty_4,1577183258,0
2660,moul_leftjusty_5,1577183258,0
2661,moul_leftjusty_6,1577183258,0
2662,moul_leftjusty_7,1577183258,0
2663,moul_as_1,1577183258,0
2664,moul_as_2,1577183258,0
2665,moul_as_3,1577183258,0
2666,moul_as_4,1577183258,0
2667,moul_sp_1,1577183258,0
2668,moul_sp_2,1577183258,0
2669,moul_sp_3,1577183258,0
2670,moul_notmandatory_e_1,0,1577183258
2671,moul_notmandatory_e_2,0,1577183258
2672,moul_notmandatory_e_3,0,1577183258
2673,moul_notmandatory_e_4,0,1577183258
2674,moul_notmandatory_e_5,0,1577183258
2675,moul_notmandatory_e_6,0,1577183258
2676,moul_notmandatory_e_7,0,1577183258
2677,moul_notmandatory_e_8,0,1577183258
2678,moul_notmandatory_e_9,0,1577183258
2679,moul_notmandatory_e_10,0,1577183258
2680,moul_notmandatory_e_11,0,1577183258
2681,moul_notmandatory_e_12,0,1577183258
2682,moul_notmandatory_e_13,0,1577183258
2683,moul_notmandatory_e_14,0,1577183258
2684,moul_notmandatory_e_15,0,1577183258
2685,moul_notmandatory_e_16,0,1577183258
2686,moul_notmandatory_e_17,0,1577183258
2687,moul_notmandatory_e_18,0,1577183258
2688,moul_notmandatory_e_19,0,1577183258
2689,moul_notmandatory_e_20,0,1577183258
2690,moul_notmandatory_e_21,0,1577183258
2691,moul_notmandatory_e_22,0,1577183258
2692,moul_notmandatory_e_23,0,1577183258
2693,moul_notmandatory_e_24,0,1577183258
2694,moul_notmandatory_e_25,0,1577183258
2695,moul_notmandatory_e_26,0,1577183258
2696,moul_notmandatory_e_27,0,1577183258
2697,moul_notmandatory_g_1,0,1577183258
2698,moul_notmandatory_g_2,0,1577183258
2699,moul_notmandatory_g_3,0,1577183258
2700,moul_notmandatory_g_4,0,1577183258
2701,moul_notmandatory_g_5,0,1577183258
2702,moul_notmandatory_g_5b,0,1577183258
2703,moul_notmandatory_g_6,0,1577183258
2704,moul_notmandatory_g_7,0,1577183258
2705,moul_notmandatory_g_8,0,1577183258
2706,moul_notmandatory_g_9,0,1577183258
2707,moul_notmandatory_g_10,0,1577183258
2708,moul_notmandatory_g_11,0,1577183258
2709,moul_notmandatory_g_12,0,1577183258
2710,moul_notmandatory_g_13,0,1577183258
2711,moul_notmandatory_g_14,0,1577183258
2712,moul_notmandatory_g_15,0,1577183258
2713,moul_notmandatory_g_16,0,1577183258
2714,moul_notmandatory_g_17,0,1577183258
2715,moul_notmandatory_g_18,0,1577183258
2716,moul_notmandatory_g_19,0,1577183258
2717,moul_notmandatory_g_20,0,1577183258
2718,moul_notmandatory_g_21,0,1577183258
2719,moul_notmandatory_g_22,0,1577183258
2720,moul_notmandatory_g_23,0,1577183258
2721,moul_notmandatory_g_24,0,1577183258
2722,moul_notmandatory_g_25,0,1577183258
2723,moul_notmandatory_g_26,0,1577183258
2724,moul_notmandatory_a_1,0,1577183258
2725,moul_notmandatory_a_2,0,1577183258
2726,moul_notmandatory_a_3,0,1577183258
2727,moul_notmandatory_a_4,0,1577183258
2728,moul_notmandatory_a_5,0,1577183258
2729,moul_notmandatory_a_6,0,1577183258
2730,moul_notmandatory_a_7,0,1577183258
2731,moul_notmandatory_a_8,0,1577183258
2732,moul_notmandatory_a_9,0,1577183258
2733,moul_notmandatory_a_11,0,1577183258
2734,moul_notmandatory_a_12,0,1577183258
2735,moul_notmandatory_a_13,0,1577183258
2736,moul_notmandatory_a_14,0,1577183258
2737,moul_notmandatory_a_15,0,1577183258
2738,moul_notmandatory_a_16,0,1577183258
2739,moul_notmandatory_a_17,0,1577183258
2740,moul_notmandatory_a_18,0,1577183258
2741,moul_notmandatory_a_19,0,1577183258
2742,moul_notmandatory_a_20,0,1577183258
2743,moul_notmandatory_a_21,0,1577183258
2744,moul_notmandatory_a_22,0,1577183258
2745,moul_notmandatory_a_23,0,1577183258
2746,moul_notmandatory_a_24,0,1577183258
2747,moul_notmandatory_a_25,0,1577183258
2748,moul_notmandatory_a_26,0,1577183258
2749,moul_notmandatory_a_27,0,1577183258
2750,moul_notmandatory_a_28,0,1577183258
2751,moul_notmandatory_star_1,1577183258,0
2752,moul_notmandatory_star_2,1577183258,0
2753,moul_notmandatory_star_3,1577183258,0
2754,moul_notmandatory_star_4,1577183258,0
2755,moul_notmandatory_star_5,1577183258,0
2756,moul_notmandatory_widechar_mix2_throwswarning,0,1577183258
2757,moul_notmandatory_widechar_basic1,0,1577183258
2758,moul_notmandatory_widechar_basic2,0,1577183258
2759,moul_notmandatory_widestr_basic2,0,1577183258
