0,nospec_no_specifier_test,1577192116,0
1,nospec_empty_string,1577192116,0
2,nospec_some_escaped_chars,1577192116,0
3,nospec_successive_5_5,1577192116,0
4,nospec_successive_2_9,1577192116,0
5,nospec_successive_8_3,1577192116,0
6,pct_basic,1577192116,0
7,pct_5w,1577192116,0
8,pct_5wlj,1577192116,0
9,pct_5wzp,1577192116,0
10,pct_5wljzp,1577192116,0
11,nocrash_nullspec_basic,1577192116,0
12,nocrash_nullspec_5w,1577192116,0
13,nocrash_nullspec_5wzp,1577192116,0
14,nocrash_nullspec_5wzplj,1577192116,0
15,nocrash_nullspec_5wlj,1577192116,0
16,s_basic_string_expansion,1577192116,0
17,s_only_string_expansion,1577192116,0
18,s_two_string_expansions,1577192116,0
19,s_two_string_expansions2,1577192116,0
20,s_empty_string_expansion,1577192116,0
21,s_full_then_empty_string,1577192116,0
22,s_empty_then_full_string,1577192116,0
23,s_three_strings,1577192116,0
24,s_space_padded_field_width,1577192116,0
25,s_space_padded_field_width2,1577192116,0
26,s_space_padded_over_field_width,1577192116,0
27,s_space_padded_field_width_lj,1577192116,0
28,s_space_padded_field_width2_lj,1577192116,0
29,s_space_padded_over_field_width_lj,1577192116,0
30,s_string_prec_notrunc,1577192116,0
31,s_string_prec_trunc,1577192116,0
32,s_string_prec_default,1577192116,0
33,s_string_prec_zero,1577192116,0
34,s_two_strings_prec_2trunc,1577192116,0
35,s_two_strings_prec_1trunc_a,1577192116,0
36,s_two_strings_prec_1trunc_b,1577192116,0
37,s_two_strings_prec_0trunc,1577192116,0
38,s_string_prec_width_notrunc,1577192116,0
39,s_string_prec_width_trunc,1577192116,0
40,s_string_prec_width_notrunc_lj,1577192116,0
41,s_string_prec_width_trunc_lj,1577192116,0
42,s_two_s_prec_width_2fit_0trunc,1577192116,0
43,s_two_s_prec_width_1fit_a_0trunc,1577192116,0
44,s_two_s_prec_width_1fit_b_0trunc,1577192116,0
45,s_two_s_prec_width_0fit_0trunc,1577192116,0
46,s_two_s_prec_width_2fit_1trunc_a,1577192116,0
47,s_two_s_prec_width_1fit_a_1trunc_a,1577192116,0
48,s_two_s_prec_width_1fit_b_1trunc_a,1577192116,0
49,s_two_s_prec_width_0fit_1trunc_a,1577192116,0
50,s_two_s_prec_width_2fit_1trunc_b,1577192116,0
51,s_two_s_prec_width_1fit_a_1trunc_b,1577192116,0
52,s_two_s_prec_width_1fit_b_1trunc_b,1577192116,0
53,s_two_s_prec_width_0fit_1trunc_b,1577192116,0
54,s_two_s_prec_width_2fit_2trunc,1577192116,0
55,s_two_s_prec_width_1fit_a_2trunc,1577192116,0
56,s_two_s_prec_width_1fit_b_2trunc,1577192116,0
57,s_two_s_prec_width_0fit_2trunc,1577192116,0
58,s_two_s_prec_width_2trunc,1577192116,0
59,s_two_strings_lj_and_rj,1577192116,0
60,s_two_strings_rj_and_lj,1577192116,0
61,s_null_basic_string_expansion,1577192116,0
62,s_null_only_string_expansion,1577192116,0
63,s_null_space_padded_field_width,1577192116,0
64,s_null_space_padded_over_field_width,1577192116,0
65,s_null_space_padded_field_width_lj,1577192116,0
66,s_null_space_padded_field_width2_lj,1577192116,0
67,s_null_space_padded_over_field_width_lj,1577192116,0
68,s_null_string_prec_notrunc,1577192116,0
69,s_null_string_prec_trunc,1577192116,0
70,s_null_string_prec_default,1577192116,0
71,s_null_string_prec_zero,1577192116,0
72,s_basic_s_hidden,1577192116,0
73,s_width_3_s_hidden,1577192116,0
74,s_width_9_s_hidden,1577192116,0
75,s_prec_no_width_s_hidden,1577192116,0
76,s_prec_9_no_width_s_hidden,1577192116,0
77,s_prec_03_no_width_s_hidden,1577192116,0
78,s_prec_09_no_width_s_hidden,1577192116,0
79,s_prec_03_no_width_s_null,1577192116,0
80,s_prec_09_no_width_s_null,1577192116,0
81,s_prec_00_no_width_s_nullchar,1577192116,0
82,s_prec_01_no_width_s_nullchar,1577192116,0
83,s_prec_03_no_width_s_nullchar,1577192116,0
84,s_prec_09_no_width_s_nullchar,1577192116,0
85,s_prec_0_width_3_s_hidden,1577192116,0
86,s_prec_0_width_10_s_hidden,1577192116,0
87,s_prec_0_width_3_s_null,1577192116,0
88,s_prec_0_width_10_s_null,1577192116,0
89,s_prec_0_width_1_s_nullchar,1577192116,0
90,s_prec_0_width_2_s_nullchar,1577192116,0
91,s_prec_0_width_9_s_nullchar,1577192116,0
92,s_prec_0_lj_width_3_s_hidden,1577192116,0
93,s_prec_0_lj_width_8_s_hidden,1577192116,0
94,s_prec_0_lj_width_3_s_null,1577192116,0
95,s_prec_0_lj_width_8_s_null,1577192116,0
96,s_prec_0_lj_width_1_s_nullchar,1577192116,0
97,s_prec_0_lj_width_2_s_nullchar,1577192116,0
98,s_prec_0_lj_width_6_s_nullchar,1577192116,0
99,s_prec_1_width_3_s_hidden,1577192116,0
100,s_prec_1_width_10_s_hidden,1577192116,0
101,s_prec_1_width_3_s_null,1577192116,0
102,s_prec_1_width_9_s_null,1577192116,0
103,s_prec_1_lj_width_3_s_hidden,1577192116,0
104,s_prec_1_lj_width_10_s_hidden,1577192116,0
105,s_prec_1_lj_width_3_s_null,1577192116,0
106,s_prec_1_lj_width_9_s_null,1577192116,0
107,s_prec_1_lj_width_3_s_nullchar,1577192116,0
108,s_prec_1_lj_width_6_s_nullchar,1577192116,0
109,s_prec_perfect_width_3_s_hidden,1577192116,0
110,s_prec_perfect_width_20_s_hidden,1577192116,0
111,s_prec_perfect_width_3_s_null,1577192116,0
112,s_prec_perfect_width_20_s_null,1577192116,0
113,s_prec_perfect_width_3_s_nullchar,1577192116,0
114,s_prec_perfect_width_6_s_nullchar,1577192116,0
115,s_prec_perfect_lj_width_3_s_hidden,1577192116,0
116,s_prec_perfect_lj_width_20_s_hidden,1577192116,0
117,s_prec_8_lj_width_3_s_hidden,1577192116,0
118,s_prec_8_lj_width_10_s_hidden,1577192116,0
119,s_prec_8_lj_width_3_s_null,1577192116,0
120,s_prec_8_lj_width_10_s_null,1577192116,0
121,s_prec_00_lj_s_hidden_trunc,1577192116,0
122,s_prec_09_lj_s_hidden_notrunc,1577192116,0
161,i_basic_i_pos,1577192116,0
162,i_basic_i_neg,1577192116,0
163,i_basic_i_zero,1577192116,0
164,i_basic_i_onlypos,1577192116,0
165,i_basic_i_onlyneg,1577192116,0
166,i_basic_i_onlyzero,1577192116,0
167,d_basic_pos,1577192116,0
168,d_basic_neg,1577192116,0
169,d_basic_zero,1577192116,0
170,i_intmax,1577192116,0
171,i_intmin,1577192116,0
172,i_as_pos,1577192116,0
173,i_as_neg,1577192116,0
174,i_intmax_as,1577192116,0
175,i_width_pos_fits,1577192116,0
176,i_width_neg_fits,1577192116,0
177,i_width_zero_fits,1577192116,0
178,i_width_pos_exactfit,1577192116,0
179,i_width_neg_exactfit,1577192116,0
180,i_width_pos_nofit,1577192116,0
181,i_width_neg_nofit,1577192116,0
182,i_width_pos_fits_lj,1577192116,0
183,i_width_neg_fits_lj,1577192116,0
184,i_width_zero_fits_lj,1577192116,0
185,i_width_pos_exactfit_lj,1577192116,0
186,i_width_neg_exactfit_lj,1577192116,0
187,i_width_pos_nofit_lj,1577192116,0
188,i_width_neg_nofit_lj,1577192116,0
189,i_width_as_pos,1577192116,0
190,i_width_as_zero,1577192116,0
191,i_width_intmax_as,1577192116,0
192,i_prec_fits_pos,1577192116,0
193,i_prec_fits_neg,1577192116,0
194,i_prec_fits_zero,1577192116,0
195,i_prec_exactfit_pos,1577192116,0
196,i_prec_exactfit_neg,1577192116,0
197,i_prec_nofit_pos,1577192116,0
198,i_prec_nofit_neg,1577192116,0
199,i_prec_as_pos,1577192116,0
200,i_prec_as_neg,1577192116,0
201,i_prec_as_pos_nofit,1577192116,0
202,i_zp_pos_fits,1577192116,0
203,i_zp_neg_fits,1577192116,0
204,i_zp_zero_fits,1577192116,0
205,i_zp_pos_exactfit,1577192116,0
206,i_zp_neg_exactfit,1577192116,0
207,i_zp_neg_minus1fit,1577192116,0
208,i_zp_as_fits,1577192116,0
209,i_zp_as_zero,1577192116,0
210,i_prec_width_fit_fit_pos,1577192116,0
211,i_prec_width_fit_fit_neg,1577192116,0
212,i_prec_width_fit_fit_zero,1577192116,0
213,i_prec_width_nofit_fit_pos,1577192116,0
214,i_prec_width_nofit_fit_neg,1577192116,0
215,i_prec_width_fit_nofit_pos,1577192116,0
216,i_prec_width_fit_nofit_neg,1577192116,0
217,i_prec_width_nofit_nofit_pos,1577192116,0
218,i_prec_width_nofit_nofit_neg,1577192116,0
219,i_prec_width_fit_fit_pos_lj,1577192116,0
220,i_prec_width_fit_fit_neg_lj,1577192116,0
221,i_prec_width_fit_fit_zero_lj,1577192116,0
222,i_prec_width_nofit_fit_pos_lj,1577192116,0
223,i_prec_width_nofit_fit_neg_lj,1577192116,0
224,i_prec_width_fit_nofit_pos_lj,1577192116,0
225,i_prec_width_fit_nofit_neg_lj,1577192116,0
226,i_prec_width_nofit_nofit_pos_lj,1577192116,0
227,i_prec_width_nofit_nofit_neg_lj,1577192116,0
228,i_prec_width_fit_fit_pos_as,1577192116,0
229,i_prec_width_fit_fit_neg_as,1577192116,0
230,i_prec_width_fit_fit_zero_as,1577192116,0
231,i_prec_width_nofit_fit_pos_as,1577192116,0
232,i_prec_width_nofit_fit_neg_as,1577192116,0
233,i_prec_width_fit_nofit_pos_as,1577192116,0
234,i_prec_width_fit_nofit_neg_as,1577192116,0
235,i_prec_width_nofit_nofit_pos_as,1577192116,0
236,i_prec_width_nofit_nofit_neg_as,1577192116,0
237,i_prec_width_fit_fit_pos_ljas,1577192116,0
238,i_prec_width_fit_fit_neg_ljas,1577192116,0
239,i_prec_width_fit_fit_zero_ljas,1577192116,0
240,i_prec_width_nofit_fit_pos_ljas,1577192116,0
241,i_prec_width_nofit_fit_neg_ljas,1577192116,0
242,i_prec_width_fit_nofit_pos_ljas,1577192116,0
243,i_prec_width_fit_nofit_neg_ljas,1577192116,0
244,i_prec_width_nofit_nofit_pos_ljas,1577192116,0
245,i_prec_width_nofit_nofit_neg_ljas,1577192116,0
246,i_prec_width_ff_pos_zp,1577192116,0
247,i_prec_width_ff_neg_zp,1577192116,0
248,i_prec_width_ff_zero_zp,1577192116,0
249,i_prec_width_nf_pos_zp,1577192116,0
250,i_prec_width_nf_neg_zp,1577192116,0
251,i_prec_width_fn_pos_zp,1577192116,0
252,i_prec_width_fn_neg_zp,1577192116,0
253,i_prec_width_nn_pos_zp,1577192116,0
254,i_prec_width_nn_neg_zp,1577192116,0
255,i_prec_width_ff_pos_lj_zp_ignoreflag,1577192116,0
256,i_prec_width_ff_neg_ljzp_ignoreflag,1577192116,0
257,i_prec_width_ff_zero_ljzp_ignoreflag,1577192116,0
258,i_prec_width_nf_pos_ljzp_ignoreflag,1577192116,0
259,i_prec_width_nf_neg_ljzp_ignoreflag,1577192116,0
260,i_prec_width_fn_pos_ljzp_ignoreflag,1577192116,0
261,i_prec_width_fn_neg_ljzp_ignoreflag,1577192116,0
262,i_prec_width_nn_pos_ljzp_ignoreflag,1577192116,0
263,i_prec_width_nn_neg_ljzp_ignoreflag,1577192116,0
264,i_prec_width_ff_pos_aszp,1577192116,0
265,i_prec_width_ff_neg_aszp,1577192116,0
266,i_prec_width_ff_zero_aszp,1577192116,0
267,i_prec_width_nf_pos_aszp,1577192116,0
268,i_prec_width_nf_neg_aszp,1577192116,0
269,i_prec_width_fn_pos_aszp,1577192116,0
270,i_prec_width_fn_neg_aszp,1577192116,0
271,i_prec_width_nn_pos_aszp,1577192116,0
272,i_prec_width_nn_neg_aszp,1577192116,0
273,i_prec_width_ff_pos_ljaszp_ignoreflag,1577192116,0
274,i_prec_width_ff_neg_ljaszp_ignoreflag,1577192116,0
275,i_prec_width_ff_zero_ljaszp_ignoreflag,1577192116,0
276,i_prec_width_nf_pos_ljaszp_ignoreflag,1577192116,0
277,i_prec_width_nf_neg_ljaszp_ignoreflag,1577192116,0
278,i_prec_width_fn_pos_ljaszp_ignoreflag,1577192116,0
279,i_prec_width_fn_neg_ljaszp_ignoreflag,1577192116,0
280,i_prec_width_nn_pos_ljaszp_ignoreflag,1577192116,0
281,i_prec_width_nn_neg_ljaszp_ignoreflag,1577192116,0
282,i_size_hh_pos_casted,1577192116,0
283,i_size_hh_neg_casted,1577192116,0
284,i_size_h_pos_casted,1577192116,0
285,i_size_h_neg_casted,1577192116,0
286,i_size_l_pos_casted,1577192116,0
287,i_size_l_neg_casted,1577192116,0
288,i_size_ll_pos_casted,1577192116,0
289,i_size_ll_neg_casted,1577192116,0
290,i_size_hh_pos_ref,1577192116,0
291,i_size_hh_neg_ref,1577192116,0
292,i_size_h_pos_ref,1577192116,0
293,i_size_h_neg_ref,1577192116,0
294,i_size_l_pos_ref,1577192116,0
295,i_size_l_pos_ref_lmax,1577192116,0
296,i_size_ll_pos_ref_llmax,1577192116,0
297,i_size_l_neg_ref,1577192116,0
298,i_size_ll_pos_ref,1577192116,0
299,i_size_ll_neg_ref,1577192116,0
300,i_size_l_pos_big,1577192116,0
301,i_size_l_neg_big,1577192116,0
302,i_size_ll_pos_big,1577192116,0
303,i_size_ll_neg_big,1577192116,0
304,i_llmax,1577192116,0
305,i_llmin,1577192116,0
306,i_lmax,1577192116,0
307,i_lmin,1577192116,0
308,i_hmax,1577192116,0
309,i_hmin,1577192116,0
310,i_hhmax,1577192116,0
311,i_hhmin,1577192116,0
312,i_size_l_pos_big_zp,1577192116,0
313,i_size_l_neg_big_prec,1577192116,0
314,i_size_ll_pos_big_width,1577192116,0
315,i_size_ll_neg_big_lj,1577192116,0
316,i_size_l_pos_big_as,1577192116,0
317,i_size_follows_i_i,1577192116,0
318,i_size_follows_i_l,1577192116,0
319,i_size_follows_i_ll,1577192116,0
320,i_size_follows_i_h,1577192116,0
321,i_size_follows_i_hh,1577192116,0
322,i_size_ll_hh_ll,1577192116,0
323,i_size_h_l_hh,1577192116,0
324,i_size_l_hh_h,1577192116,0
325,i_size_n_ll_hh,1577192116,0
326,i_size_ll_n_l,1577192116,0
327,i_basic_i_pos_sp,1577192116,0
328,i_basic_i_neg_sp,1577192116,0
329,i_basic_i_zero_sp,1577192116,0
330,i_basic_i_onlypos_sp,1577192116,0
331,i_basic_i_onlyneg_sp,1577192116,0
332,i_basic_i_onlyzero_sp,1577192116,0
333,i_basic_i_pos_d_sp,1577192116,0
334,i_basic_i_neg_d_sp,1577192116,0
335,i_basic_i_zero_d_sp,1577192116,0
336,i_intmax_sp,1577192116,0
337,i_intmin_sp,1577192116,0
338,i_assp_pos_ignoreflag,1577192116,0
339,i_assp_neg_ignoreflag,1577192116,0
340,i_intmax_assp_ignoreflag,1577192116,0
341,i_width_pos_fits_sp,1577192116,0
342,i_width_neg_fits_sp,1577192116,0
343,i_width_zero_fits_sp,1577192116,0
344,i_width_pos_exactfit_sp,1577192116,0
345,i_width_neg_exactfit_sp,1577192116,0
346,i_width_pos_nofit_sp,1577192116,0
347,i_width_neg_nofit_sp,1577192116,0
348,i_width_pos_fits_lj_sp,1577192116,0
349,i_width_neg_fits_lj_sp,1577192116,0
350,i_width_zero_fits_lj_sp,1577192116,0
351,i_width_pos_exactfit_lj_sp,1577192116,0
352,i_width_neg_exactfit_lj_sp,1577192116,0
353,i_width_pos_nofit_lj_sp,1577192116,0
354,i_width_neg_nofit_lj_sp,1577192116,0
355,i_width_assp_pos_ignoreflag,1577192116,0
356,i_width_assp_zero_ignoreflag,1577192116,0
357,i_width_intmax_assp_ignoreflag,1577192116,0
358,i_prec_fits_pos_sp,1577192116,0
359,i_prec_fits_neg_sp,1577192116,0
360,i_prec_fits_zero_sp,1577192116,0
361,i_prec_exactfit_pos_sp,1577192116,0
362,i_prec_exactfit_neg_sp,1577192116,0
363,i_prec_nofit_pos_sp,1577192116,0
364,i_prec_nofit_neg_sp,1577192116,0
365,i_prec_assp_pos_ignoreflag,1577192116,0
366,i_prec_assp_neg_ignoreflag,1577192116,0
367,i_prec_assp_pos_nofit_ignoreflag,1577192116,0
368,i_zpsp_pos_fits,1577192116,0
369,i_zpsp_neg_fits,1577192116,0
370,i_zpsp_zero_fits,1577192116,0
371,i_zpsp_pos_exactfit,1577192116,0
372,i_zpsp_neg_exactfit,1577192116,0
373,i_zpsp_neg_minus1fit,1577192116,0
374,i_zpassp_as_fits_ignoreflag,1577192116,0
375,i_zpassp_zero_ignoreflag,1577192116,0
376,i_prec_width_fit_fit_pos_sp,1577192116,0
377,i_prec_width_fit_fit_neg_sp,1577192116,0
378,i_prec_width_fit_fit_zero_sp,1577192116,0
379,i_prec_width_nofit_fit_pos_sp,1577192116,0
380,i_prec_width_nofit_fit_neg_sp,1577192116,0
381,i_prec_width_fit_nofit_pos_sp,1577192116,0
382,i_prec_width_fit_nofit_neg_sp,1577192116,0
383,i_prec_width_nofit_nofit_pos_sp,1577192116,0
384,i_prec_width_nofit_nofit_neg_sp,1577192116,0
385,i_prec_width_fit_fit_pos_lj_sp,1577192116,0
386,i_prec_width_fit_fit_neg_lj_sp,1577192116,0
387,i_prec_width_fit_fit_zero_lj_sp,1577192116,0
388,i_prec_width_nofit_fit_pos_lj_sp,1577192116,0
389,i_prec_width_nofit_fit_neg_lj_sp,1577192116,0
390,i_prec_width_fit_nofit_pos_lj_sp,1577192116,0
391,i_prec_width_fit_nofit_neg_lj_sp,1577192116,0
392,i_prec_width_nofit_nofit_pos_lj_sp,1577192116,0
393,i_prec_width_nofit_nofit_neg_lj_sp,1577192116,0
394,i_prec_width_fit_fit_pos_assp_ignoreflag,1577192116,0
395,i_prec_width_fit_fit_neg_assp_ignoreflag,1577192116,0
396,i_prec_width_fit_fit_zero_assp_ignoreflag,1577192116,0
397,i_prec_width_nofit_fit_pos_assp_ignoreflag,1577192116,0
398,i_prec_width_nofit_fit_neg_assp_ignoreflag,1577192116,0
399,i_prec_width_fit_nofit_pos_assp_ignoreflag,1577192116,0
400,i_prec_width_fit_nofit_neg_assp_ignoreflag,1577192116,0
401,i_prec_width_nofit_nofit_pos_assp_ignoreflag,1577192116,0
402,i_prec_width_nofit_nofit_neg_assp_ignoreflag,1577192116,0
403,i_prec_width_fit_fit_pos_lj_assp_ignoreflag,1577192116,0
404,i_prec_width_fit_fit_neg_lj_assp_ignoreflag,1577192116,0
405,i_prec_width_fit_fit_zero_lj_assp_ignoreflag,1577192116,0
406,i_prec_width_nofit_fit_pos_lj_assp_ignoreflag,1577192116,0
407,i_prec_width_nofit_fit_neg_lj_assp_ignoreflag,1577192116,0
408,i_prec_width_fit_nofit_pos_lj_assp_ignoreflag,1577192116,0
409,i_prec_width_fit_nofit_neg_lj_assp_ignoreflag,1577192116,0
410,i_prec_width_nofit_nofit_pos_lj_assp_ignoreflag,1577192116,0
411,i_prec_width_nofit_nofit_neg_lj_assp_ignoreflag,1577192116,0
412,i_prec_width_ff_pos_zp_sp,1577192116,0
413,i_prec_width_ff_neg_zp_sp,1577192116,0
414,i_prec_width_ff_zero_zp_sp,1577192116,0
415,i_prec_width_nf_pos_zp_sp,1577192116,0
416,i_prec_width_nf_neg_zp_sp,1577192116,0
417,i_prec_width_fn_pos_zp_sp,1577192116,0
418,i_prec_width_fn_neg_zp_sp,1577192116,0
419,i_prec_width_nn_pos_zp_sp,1577192116,0
420,i_prec_width_nn_neg_zp_sp,1577192116,0
421,i_prec_width_ff_pos_ljzpsp_ignoreflag,1577192116,0
422,i_prec_width_ff_neg_ljzpsp_ignoreflag,1577192116,0
423,i_prec_width_ff_zero_ljzpsp_ignoreflag,1577192116,0
424,i_prec_width_nf_pos_ljzpsp_ignoreflag,1577192116,0
425,i_prec_width_nf_neg_ljzpsp_ignoreflag,1577192116,0
426,i_prec_width_fn_pos_ljzpsp_ignoreflag,1577192116,0
427,i_prec_width_fn_neg_ljzpsp_ignoreflag,1577192116,0
428,i_prec_width_nn_pos_ljzpsp_ignoreflag,1577192116,0
429,i_prec_width_nn_neg_ljzpsp_ignoreflag,1577192116,0
430,i_prec_width_ff_pos_aszpsp_ignoreflag,1577192116,0
431,i_prec_width_ff_neg_aszpsp_ignoreflag,1577192116,0
432,i_prec_width_ff_zero_aszpsp_ignoreflag,1577192116,0
433,i_prec_width_nf_pos_aszpsp_ignoreflag,1577192116,0
434,i_prec_width_nf_neg_aszpsp_ignoreflag,1577192116,0
435,i_prec_width_fn_pos_aszpsp_ignoreflag,1577192116,0
436,i_prec_width_fn_neg_aszpsp_ignoreflag,1577192116,0
437,i_prec_width_nn_pos_aszpsp_ignoreflag,1577192116,0
438,i_prec_width_nn_neg_aszpsp_ignoreflag,1577192116,0
439,i_prec_width_ff_pos_ljaszpsp_ignoreflag,1577192116,0
440,i_prec_width_ff_neg_ljaszpsp_ignoreflag,1577192116,0
441,i_prec_width_ff_zero_ljaszpsp_ignoreflag,1577192116,0
442,i_prec_width_nf_pos_ljaszpsp_ignoreflag,1577192116,0
443,i_prec_width_nf_neg_ljaszpsp_ignoreflag,1577192116,0
444,i_prec_width_fn_pos_ljaszpsp_ignoreflag,1577192116,0
445,i_prec_width_fn_neg_ljaszpsp_ignoreflag,1577192116,0
446,i_prec_width_nn_pos_ljaszpsp_ignoreflag,1577192116,0
447,i_prec_width_nn_neg_ljaszpsp_ignoreflag,1577192116,0
448,i_size_hh_pos_casted_sp,1577192116,0
449,i_size_hh_neg_casted_sp,1577192116,0
450,i_size_h_pos_casted_sp,1577192116,0
451,i_size_h_neg_casted_sp,1577192116,0
452,i_size_l_pos_casted_sp,1577192116,0
453,i_size_l_neg_casted_sp,1577192116,0
454,i_size_ll_pos_casted_sp,1577192116,0
455,i_size_ll_neg_casted_sp,1577192116,0
456,i_size_hh_pos_ref_sp,1577192116,0
457,i_size_hh_neg_ref_sp,1577192116,0
458,i_size_h_pos_ref_sp,1577192116,0
459,i_size_h_neg_ref_sp,1577192116,0
460,i_size_l_pos_ref_sp,1577192116,0
461,i_size_l_neg_ref_sp,1577192116,0
462,i_size_ll_pos_ref_sp,1577192116,0
463,i_size_ll_neg_ref_sp,1577192116,0
464,i_size_l_pos_big_sp,1577192116,0
465,i_size_l_neg_big_sp,1577192116,0
466,i_size_ll_pos_big_sp,1577192116,0
467,i_size_ll_neg_big_sp,1577192116,0
468,i_llmax_sp,1577192116,0
469,i_llmin_sp,1577192116,0
470,i_lmax_sp,1577192116,0
471,i_lmin_sp,1577192116,0
472,i_hmax_sp,1577192116,0
473,i_hmin_sp,1577192116,0
474,i_hhmax_sp,1577192116,0
475,i_hhmin_sp,1577192116,0
476,i_prec0val0_basic,1577192116,0
477,i_prec0val0_implicit,1577192116,0
478,i_prec0val0_w,1577192116,0
479,i_prec0val0_w_impl,1577192116,0
480,i_prec0val0_wlj,1577192116,0
481,i_prec0val0_wlj_impl,1577192116,0
482,i_prec0val0_as,1577192116,0
483,i_prec0val0_as_impl,1577192116,0
484,i_prec0val0_was,1577192116,0
485,i_prec0val0_was_impl,1577192116,0
486,i_prec0val0_waslj,1577192116,0
487,i_prec0val0_waslj_impl,1577192116,0
492,d_basic_i_pos,1577192116,0
493,d_basic_i_neg,1577192116,0
494,d_basic_i_zero,1577192116,0
495,d_basic_i_onlypos,1577192116,0
496,d_basic_i_onlyneg,1577192116,0
497,d_basic_i_onlyzero,1577192116,0
498,d_intmax,1577192116,0
499,d_intmin,1577192116,0
500,d_as_pos,1577192116,0
501,d_as_neg,1577192116,0
502,d_intmax_as,1577192116,0
503,d_width_pos_fits,1577192116,0
504,d_width_neg_fits,1577192116,0
505,d_width_zero_fits,1577192116,0
506,d_width_pos_exactfit,1577192116,0
507,d_width_neg_exactfit,1577192116,0
508,d_width_pos_nofit,1577192116,0
509,d_width_neg_nofit,1577192116,0
510,d_width_pos_fits_lj,1577192116,0
511,d_width_neg_fits_lj,1577192116,0
512,d_width_zero_fits_lj,1577192116,0
513,d_width_pos_exactfit_lj,1577192116,0
514,d_width_neg_exactfit_lj,1577192116,0
515,d_width_pos_nofit_lj,1577192116,0
516,d_width_neg_nofit_lj,1577192116,0
517,d_width_as_pos,1577192116,0
518,d_width_as_zero,1577192116,0
519,d_width_intmax_as,1577192116,0
520,d_prec_fits_pos,1577192116,0
521,d_prec_fits_neg,1577192116,0
522,d_prec_fits_zero,1577192116,0
523,d_prec_exactfit_pos,1577192116,0
524,d_prec_exactfit_neg,1577192116,0
525,d_prec_nofit_pos,1577192116,0
526,d_prec_nofit_neg,1577192116,0
527,d_prec_as_pos,1577192116,0
528,d_prec_as_neg,1577192116,0
529,d_prec_as_pos_nofit,1577192116,0
530,d_zp_pos_fits,1577192116,0
531,d_zp_neg_fits,1577192116,0
532,d_zp_zero_fits,1577192116,0
533,d_zp_pos_exactfit,1577192116,0
534,d_zp_neg_exactfit,1577192116,0
535,d_zp_neg_minus1fit,1577192116,0
536,d_zp_as_fits,1577192116,0
537,d_zp_as_zero,1577192116,0
538,d_prec_width_fit_fit_pos,1577192116,0
539,d_prec_width_fit_fit_neg,1577192116,0
540,d_prec_width_fit_fit_zero,1577192116,0
541,d_prec_width_nofit_fit_pos,1577192116,0
542,d_prec_width_nofit_fit_neg,1577192116,0
543,d_prec_width_fit_nofit_pos,1577192116,0
544,d_prec_width_fit_nofit_neg,1577192116,0
545,d_prec_width_nofit_nofit_pos,1577192116,0
546,d_prec_width_nofit_nofit_neg,1577192116,0
547,d_prec_width_fit_fit_pos_lj,1577192116,0
548,d_prec_width_fit_fit_neg_lj,1577192116,0
549,d_prec_width_fit_fit_zero_lj,1577192116,0
550,d_prec_width_nofit_fit_pos_lj,1577192116,0
551,d_prec_width_nofit_fit_neg_lj,1577192116,0
552,d_prec_width_fit_nofit_pos_lj,1577192116,0
553,d_prec_width_fit_nofit_neg_lj,1577192116,0
554,d_prec_width_nofit_nofit_pos_lj,1577192116,0
555,d_prec_width_nofit_nofit_neg_lj,1577192116,0
556,d_prec_width_fit_fit_pos_as,1577192116,0
557,d_prec_width_fit_fit_neg_as,1577192116,0
558,d_prec_width_fit_fit_zero_as,1577192116,0
559,d_prec_width_nofit_fit_pos_as,1577192116,0
560,d_prec_width_nofit_fit_neg_as,1577192116,0
561,d_prec_width_fit_nofit_pos_as,1577192116,0
562,d_prec_width_fit_nofit_neg_as,1577192116,0
563,d_prec_width_nofit_nofit_pos_as,1577192116,0
564,d_prec_width_nofit_nofit_neg_as,1577192116,0
565,d_prec_width_fit_fit_pos_ljas,1577192116,0
566,d_prec_width_fit_fit_neg_ljas,1577192116,0
567,d_prec_width_fit_fit_zero_ljas,1577192116,0
568,d_prec_width_nofit_fit_pos_ljas,1577192116,0
569,d_prec_width_nofit_fit_neg_ljas,1577192116,0
570,d_prec_width_fit_nofit_pos_ljas,1577192116,0
571,d_prec_width_fit_nofit_neg_ljas,1577192116,0
572,d_prec_width_nofit_nofit_pos_ljas,1577192116,0
573,d_prec_width_nofit_nofit_neg_ljas,1577192116,0
574,d_prec_width_ff_pos_zp,1577192116,0
575,d_prec_width_ff_neg_zp,1577192116,0
576,d_prec_width_ff_zero_zp,1577192116,0
577,d_prec_width_nf_pos_zp,1577192116,0
578,d_prec_width_nf_neg_zp,1577192116,0
579,d_prec_width_fn_pos_zp,1577192116,0
580,d_prec_width_fn_neg_zp,1577192116,0
581,d_prec_width_nn_pos_zp,1577192116,0
582,d_prec_width_nn_neg_zp,1577192116,0
583,d_prec_width_ff_pos_lj_zp_ignoreflag,1577192116,0
584,d_prec_width_ff_neg_ljzp_ignoreflag,1577192116,0
585,d_prec_width_ff_zero_ljzp_ignoreflag,1577192116,0
586,d_prec_width_nf_pos_ljzp_ignoreflag,1577192116,0
587,d_prec_width_nf_neg_ljzp_ignoreflag,1577192116,0
588,d_prec_width_fn_pos_ljzp_ignoreflag,1577192116,0
589,d_prec_width_fn_neg_ljzp_ignoreflag,1577192116,0
590,d_prec_width_nn_pos_ljzp_ignoreflag,1577192116,0
591,d_prec_width_nn_neg_ljzp_ignoreflag,1577192116,0
592,d_prec_width_ff_pos_aszp,1577192116,0
593,d_prec_width_ff_neg_aszp,1577192116,0
594,d_prec_width_ff_zero_aszp,1577192116,0
595,d_prec_width_nf_pos_aszp,1577192116,0
596,d_prec_width_nf_neg_aszp,1577192116,0
597,d_prec_width_fn_pos_aszp,1577192116,0
598,d_prec_width_fn_neg_aszp,1577192116,0
599,d_prec_width_nn_pos_aszp,1577192116,0
600,d_prec_width_nn_neg_aszp,1577192116,0
601,d_prec_width_ff_pos_ljaszp_ignoreflag,1577192116,0
602,d_prec_width_ff_neg_ljaszp_ignoreflag,1577192116,0
603,d_prec_width_ff_zero_ljaszp_ignoreflag,1577192116,0
604,d_prec_width_nf_pos_ljaszp_ignoreflag,1577192116,0
605,d_prec_width_nf_neg_ljaszp_ignoreflag,1577192116,0
606,d_prec_width_fn_pos_ljaszp_ignoreflag,1577192116,0
607,d_prec_width_fn_neg_ljaszp_ignoreflag,1577192116,0
608,d_prec_width_nn_pos_ljaszp_ignoreflag,1577192116,0
609,d_prec_width_nn_neg_ljaszp_ignoreflag,1577192116,0
610,d_size_hh_pos_casted,1577192116,0
611,d_size_hh_neg_casted,1577192116,0
612,d_size_h_pos_casted,1577192116,0
613,d_size_h_neg_casted,1577192116,0
614,d_size_l_pos_casted,1577192116,0
615,d_size_l_neg_casted,1577192116,0
616,d_size_ll_pos_casted,1577192116,0
617,d_size_ll_neg_casted,1577192116,0
618,d_size_hh_pos_ref,1577192116,0
619,d_size_hh_neg_ref,1577192116,0
620,d_size_h_pos_ref,1577192116,0
621,d_size_h_neg_ref,1577192116,0
622,d_size_l_pos_ref,1577192116,0
623,d_size_l_pos_ref_lmax,1577192116,0
624,d_size_ll_pos_ref_llmax,1577192116,0
625,d_size_l_neg_ref,1577192116,0
626,d_size_ll_pos_ref,1577192116,0
627,d_size_ll_neg_ref,1577192116,0
628,d_size_l_pos_big,1577192116,0
629,d_size_l_neg_big,1577192116,0
630,d_size_ll_pos_big,1577192116,0
631,d_size_ll_neg_big,1577192116,0
632,d_llmax,1577192116,0
633,d_llmin,1577192116,0
634,d_lmax,1577192116,0
635,d_lmin,1577192116,0
636,d_hmax,1577192116,0
637,d_hmin,1577192116,0
638,d_hhmax,1577192116,0
639,d_hhmin,1577192116,0
640,d_size_l_pos_big_zp,1577192116,0
641,d_size_l_neg_big_prec,1577192116,0
642,d_size_ll_pos_big_width,1577192116,0
643,d_size_ll_neg_big_lj,1577192116,0
644,d_size_l_pos_big_as,1577192116,0
645,d_size_follows_i_i,1577192116,0
646,d_size_follows_i_l,1577192116,0
647,d_size_follows_i_ll,1577192116,0
648,d_size_follows_i_h,1577192116,0
649,d_size_follows_i_hh,1577192116,0
650,d_size_ll_hh_ll,1577192116,0
651,d_size_h_l_hh,1577192116,0
652,d_size_l_hh_h,1577192116,0
653,d_size_n_ll_hh,1577192116,0
654,d_size_ll_n_l,1577192116,0
655,d_basic_i_pos_sp,1577192116,0
656,d_basic_i_neg_sp,1577192116,0
657,d_basic_i_zero_sp,1577192116,0
658,d_basic_i_onlypos_sp,1577192116,0
659,d_basic_i_onlyneg_sp,1577192116,0
660,d_basic_i_onlyzero_sp,1577192116,0
661,d_basic_i_pos_d_sp,1577192116,0
662,d_basic_i_neg_d_sp,1577192116,0
663,d_basic_i_zero_d_sp,1577192116,0
664,d_intmax_sp,1577192116,0
665,d_intmin_sp,1577192116,0
666,d_assp_pos_ignoreflag,1577192116,0
667,d_assp_neg_ignoreflag,1577192116,0
668,d_intmax_assp_ignoreflag,1577192116,0
669,d_width_pos_fits_sp,1577192116,0
670,d_width_neg_fits_sp,1577192116,0
671,d_width_zero_fits_sp,1577192116,0
672,d_width_pos_exactfit_sp,1577192116,0
673,d_width_neg_exactfit_sp,1577192116,0
674,d_width_pos_nofit_sp,1577192116,0
675,d_width_neg_nofit_sp,1577192116,0
676,d_width_pos_fits_lj_sp,1577192116,0
677,d_width_neg_fits_lj_sp,1577192116,0
678,d_width_zero_fits_lj_sp,1577192116,0
679,d_width_pos_exactfit_lj_sp,1577192116,0
680,d_width_neg_exactfit_lj_sp,1577192116,0
681,d_width_pos_nofit_lj_sp,1577192116,0
682,d_width_neg_nofit_lj_sp,1577192116,0
683,d_width_assp_pos_ignoreflag,1577192116,0
684,d_width_assp_zero_ignoreflag,1577192116,0
685,d_width_intmax_assp_ignoreflag,1577192116,0
686,d_prec_fits_pos_sp,1577192116,0
687,d_prec_fits_neg_sp,1577192116,0
688,d_prec_fits_zero_sp,1577192116,0
689,d_prec_exactfit_pos_sp,1577192116,0
690,d_prec_exactfit_neg_sp,1577192116,0
691,d_prec_nofit_pos_sp,1577192116,0
692,d_prec_nofit_neg_sp,1577192116,0
693,d_prec_assp_pos_ignoreflag,1577192116,0
694,d_prec_assp_neg_ignoreflag,1577192116,0
695,d_prec_assp_pos_nofit_ignoreflag,1577192116,0
696,d_zpsp_pos_fits,1577192116,0
697,d_zpsp_neg_fits,1577192116,0
698,d_zpsp_zero_fits,1577192116,0
699,d_zpsp_pos_exactfit,1577192116,0
700,d_zpsp_neg_exactfit,1577192116,0
701,d_zpsp_neg_minus1fit,1577192116,0
702,d_zpassp_as_fits_ignoreflag,1577192116,0
703,d_zpassp_zero_ignoreflag,1577192116,0
704,d_prec_width_fit_fit_pos_sp,1577192116,0
705,d_prec_width_fit_fit_neg_sp,1577192116,0
706,d_prec_width_fit_fit_zero_sp,1577192116,0
707,d_prec_width_nofit_fit_pos_sp,1577192116,0
708,d_prec_width_nofit_fit_neg_sp,1577192116,0
709,d_prec_width_fit_nofit_pos_sp,1577192116,0
710,d_prec_width_fit_nofit_neg_sp,1577192116,0
711,d_prec_width_nofit_nofit_pos_sp,1577192116,0
712,d_prec_width_nofit_nofit_neg_sp,1577192116,0
713,d_prec_width_fit_fit_pos_lj_sp,1577192116,0
714,d_prec_width_fit_fit_neg_lj_sp,1577192116,0
715,d_prec_width_fit_fit_zero_lj_sp,1577192116,0
716,d_prec_width_nofit_fit_pos_lj_sp,1577192116,0
717,d_prec_width_nofit_fit_neg_lj_sp,1577192116,0
718,d_prec_width_fit_nofit_pos_lj_sp,1577192116,0
719,d_prec_width_fit_nofit_neg_lj_sp,1577192116,0
720,d_prec_width_nofit_nofit_pos_lj_sp,1577192116,0
721,d_prec_width_nofit_nofit_neg_lj_sp,1577192116,0
722,d_prec_width_fit_fit_pos_assp_ignoreflag,1577192116,0
723,d_prec_width_fit_fit_neg_assp_ignoreflag,1577192116,0
724,d_prec_width_fit_fit_zero_assp_ignoreflag,1577192116,0
725,d_prec_width_nofit_fit_pos_assp_ignoreflag,1577192116,0
726,d_prec_width_nofit_fit_neg_assp_ignoreflag,1577192116,0
727,d_prec_width_fit_nofit_pos_assp_ignoreflag,1577192116,0
728,d_prec_width_fit_nofit_neg_assp_ignoreflag,1577192116,0
729,d_prec_width_nofit_nofit_pos_assp_ignoreflag,1577192116,0
730,d_prec_width_nofit_nofit_neg_assp_ignoreflag,1577192116,0
731,d_prec_width_fit_fit_pos_lj_assp_ignoreflag,1577192116,0
732,d_prec_width_fit_fit_neg_lj_assp_ignoreflag,1577192116,0
733,d_prec_width_fit_fit_zero_lj_assp_ignoreflag,1577192116,0
734,d_prec_width_nofit_fit_pos_lj_assp_ignoreflag,1577192116,0
735,d_prec_width_nofit_fit_neg_lj_assp_ignoreflag,1577192116,0
736,d_prec_width_fit_nofit_pos_lj_assp_ignoreflag,1577192116,0
737,d_prec_width_fit_nofit_neg_lj_assp_ignoreflag,1577192116,0
738,d_prec_width_nofit_nofit_pos_lj_assp_ignoreflag,1577192116,0
739,d_prec_width_nofit_nofit_neg_lj_assp_ignoreflag,1577192116,0
740,d_prec_width_ff_pos_zp_sp,1577192116,0
741,d_prec_width_ff_neg_zp_sp,1577192116,0
742,d_prec_width_ff_zero_zp_sp,1577192116,0
743,d_prec_width_nf_pos_zp_sp,1577192116,0
744,d_prec_width_nf_neg_zp_sp,1577192116,0
745,d_prec_width_fn_pos_zp_sp,1577192116,0
746,d_prec_width_fn_neg_zp_sp,1577192116,0
747,d_prec_width_nn_pos_zp_sp,1577192116,0
748,d_prec_width_nn_neg_zp_sp,1577192116,0
749,d_prec_width_ff_pos_ljzpsp_ignoreflag,1577192116,0
750,d_prec_width_ff_neg_ljzpsp_ignoreflag,1577192116,0
751,d_prec_width_ff_zero_ljzpsp_ignoreflag,1577192116,0
752,d_prec_width_nf_pos_ljzpsp_ignoreflag,1577192116,0
753,d_prec_width_nf_neg_ljzpsp_ignoreflag,1577192116,0
754,d_prec_width_fn_pos_ljzpsp_ignoreflag,1577192116,0
755,d_prec_width_fn_neg_ljzpsp_ignoreflag,1577192116,0
756,d_prec_width_nn_pos_ljzpsp_ignoreflag,1577192116,0
757,d_prec_width_nn_neg_ljzpsp_ignoreflag,1577192116,0
758,d_prec_width_ff_pos_aszpsp_ignoreflag,1577192116,0
759,d_prec_width_ff_neg_aszpsp_ignoreflag,1577192116,0
760,d_prec_width_ff_zero_aszpsp_ignoreflag,1577192116,0
761,d_prec_width_nf_pos_aszpsp_ignoreflag,1577192116,0
762,d_prec_width_nf_neg_aszpsp_ignoreflag,1577192116,0
763,d_prec_width_fn_pos_aszpsp_ignoreflag,1577192116,0
764,d_prec_width_fn_neg_aszpsp_ignoreflag,1577192116,0
765,d_prec_width_nn_pos_aszpsp_ignoreflag,1577192116,0
766,d_prec_width_nn_neg_aszpsp_ignoreflag,1577192116,0
767,d_prec_width_ff_pos_ljaszpsp_ignoreflag,1577192116,0
768,d_prec_width_ff_neg_ljaszpsp_ignoreflag,1577192116,0
769,d_prec_width_ff_zero_ljaszpsp_ignoreflag,1577192116,0
770,d_prec_width_nf_pos_ljaszpsp_ignoreflag,1577192116,0
771,d_prec_width_nf_neg_ljaszpsp_ignoreflag,1577192116,0
772,d_prec_width_fn_pos_ljaszpsp_ignoreflag,1577192116,0
773,d_prec_width_fn_neg_ljaszpsp_ignoreflag,1577192116,0
774,d_prec_width_nn_pos_ljaszpsp_ignoreflag,1577192116,0
775,d_prec_width_nn_neg_ljaszpsp_ignoreflag,1577192116,0
776,d_size_hh_pos_casted_sp,1577192116,0
777,d_size_hh_neg_casted_sp,1577192116,0
778,d_size_h_pos_casted_sp,1577192116,0
779,d_size_h_neg_casted_sp,1577192116,0
780,d_size_l_pos_casted_sp,1577192116,0
781,d_size_l_neg_casted_sp,1577192116,0
782,d_size_ll_pos_casted_sp,1577192116,0
783,d_size_ll_neg_casted_sp,1577192116,0
784,d_size_hh_pos_ref_sp,1577192116,0
785,d_size_hh_neg_ref_sp,1577192116,0
786,d_size_h_pos_ref_sp,1577192116,0
787,d_size_h_neg_ref_sp,1577192116,0
788,d_size_l_pos_ref_sp,1577192116,0
789,d_size_l_neg_ref_sp,1577192116,0
790,d_size_ll_pos_ref_sp,1577192116,0
791,d_size_ll_neg_ref_sp,1577192116,0
792,d_size_l_pos_big_sp,1577192116,0
793,d_size_l_neg_big_sp,1577192116,0
794,d_size_ll_pos_big_sp,1577192116,0
795,d_size_ll_neg_big_sp,1577192116,0
796,d_llmax_sp,1577192116,0
797,d_llmin_sp,1577192116,0
798,d_lmax_sp,1577192116,0
799,d_lmin_sp,1577192116,0
800,d_hmax_sp,1577192116,0
801,d_hmin_sp,1577192116,0
802,d_hhmax_sp,1577192116,0
803,d_hhmin_sp,1577192116,0
804,d_prec0val0_basic,1577192116,0
805,d_prec0val0_implicit,1577192116,0
806,d_prec0val0_w,1577192116,0
807,d_prec0val0_w_impl,1577192116,0
808,d_prec0val0_wlj,1577192116,0
809,d_prec0val0_wlj_impl,1577192116,0
810,d_prec0val0_as,1577192116,0
811,d_prec0val0_as_impl,1577192116,0
812,d_prec0val0_was,1577192116,0
813,d_prec0val0_was_impl,1577192116,0
814,d_prec0val0_waslj,1577192116,0
815,d_prec0val0_waslj_impl,1577192116,0
816,mix_hhi_str_lli_str,1577192116,0
817,mix_str_hi_str_li,1577192116,0
818,mix_str_hi_str_li_emptystr,1577192116,0
819,u_basic_u_pos,1577192116,0
820,u_basic_u_zero,1577192116,0
821,u_basic_u_onlypos,1577192116,0
822,u_uintmax,1577192116,0
823,u_width_pos_fits,1577192116,0
824,u_width_zero_fits,1577192116,0
825,u_width_pos_exactfit,1577192116,0
826,u_width_pos_nofit,1577192116,0
827,u_width_pos_fits_lj,1577192116,0
828,u_width_zero_fits_lj,1577192116,0
829,u_width_pos_exactfit_lj,1577192116,0
830,u_width_pos_nofit_lj,1577192116,0
831,u_prec_fits_pos,1577192116,0
832,u_prec_fits_zero,1577192116,0
833,u_prec_exactfit_pos,1577192116,0
834,u_prec_nofit_pos,1577192116,0
835,u_zp_pos_fits,1577192116,0
836,u_zp_zero_fits,1577192116,0
837,u_zp_pos_exactfit,1577192116,0
838,u_prec_width_fit_fit_pos,1577192116,0
839,u_prec_width_fit_fit_zero,1577192116,0
840,u_prec_width_nofit_fit_pos,1577192116,0
841,u_prec_width_fit_nofit_pos,1577192116,0
842,u_prec_width_nofit_nofit_pos,1577192116,0
843,u_prec_width_fit_fit_pos_lj,1577192116,0
844,u_prec_width_fit_fit_zero_lj,1577192116,0
845,u_prec_width_nofit_fit_pos_lj,1577192116,0
846,u_prec_width_fit_nofit_pos_lj,1577192116,0
847,u_prec_width_nofit_nofit_pos_lj,1577192116,0
848,u_prec_width_ff_pos_zp,1577192116,0
849,u_prec_width_ff_zero_zp,1577192116,0
850,u_prec_width_nf_pos_zp,1577192116,0
851,u_prec_width_fn_pos_zp,1577192116,0
852,u_prec_width_nn_pos_zp,1577192116,0
853,u_prec_width_ff_pos_ljzp_ignoreflag,1577192116,0
854,u_prec_width_ff_zero_ljzp_ignoreflag,1577192116,0
855,u_prec_width_nf_pos_ljzp_ignoreflag,1577192116,0
856,u_prec_width_fn_pos_ljzp_ignoreflag,1577192116,0
857,u_prec_width_nn_pos_ljzp_ignoreflag,1577192116,0
858,u_size_hh_pos_casted,1577192116,0
859,u_size_h_pos_casted,1577192116,0
860,u_size_l_pos_casted,1577192116,0
861,u_size_ll_pos_casted,1577192116,0
862,u_size_hh_pos_ref,1577192116,0
863,u_size_h_pos_ref,1577192116,0
864,u_size_l_pos_ref,1577192116,0
865,u_size_ll_pos_ref,1577192116,0
866,u_size_l_pos_big,1577192116,0
867,u_size_ll_pos_big,1577192116,0
868,u_ullmax,1577192116,0
869,u_ulmax,1577192116,0
870,u_uhmax,1577192116,0
871,u_uhhmax,1577192116,0
872,u_size_l_pos_big_zp,1577192116,0
873,u_size_ll_pos_big_width,1577192116,0
874,u_size_ll_hh_ll,1577192116,0
875,u_size_h_l_hh,1577192116,0
876,u_size_l_hh_h,1577192116,0
877,u_size_n_ll_hh,1577192116,0
878,u_size_ll_n_l,1577192116,0
879,u_prec0val0_basic,1577192116,0
880,u_prec0val0_implicit,1577192116,0
881,u_prec0val0_w,1577192116,0
882,u_prec0val0_w_impl,1577192116,0
883,u_prec0val0_wlj,1577192116,0
884,u_prec0val0_wlj_impl,1577192116,0
885,mix_hhu_str_llu_str,1577192116,0
886,mix_str_hu_str_lu,1577192116,0
887,mixed_test_0001,1577192116,0
888,x_basic_pos,1577192116,0
889,x_basic_zero,1577192116,0
890,x_basic_onlypos,1577192116,0
891,x_hexlmax,1577192116,0
892,x_width_pos_fits,1577192116,0
893,x_width_zero_fits,1577192116,0
894,x_width_pos_exactfit,1577192116,0
895,x_width_pos_nofit,1577192116,0
896,x_width_pos_fits_lj,1577192116,0
897,x_width_zero_fits_lj,1577192116,0
898,x_width_pos_exactfit_lj,1577192116,0
899,x_width_pos_nofit_lj,1577192116,0
900,x_prec_fits_pos,1577192116,0
901,x_prec_fits_zero,1577192116,0
902,x_prec_exactfit_pos,1577192116,0
903,x_prec_nofit_pos,1577192116,0
904,x_zp_pos_fits,1577192116,0
905,x_zp_zero_fits,1577192116,0
906,x_zp_pos_exactfit,1577192116,0
907,x_prec_width_fit_fit_pos,1577192116,0
908,x_prec_width_fit_fit_zero,1577192116,0
909,x_prec_width_nofit_fit_pos,1577192116,0
910,x_prec_width_fit_nofit_pos,1577192116,0
911,x_prec_width_nofit_nofit_pos,1577192116,0
912,x_prec_width_fit_fit_pos_lj,1577192116,0
913,x_prec_width_fit_fit_zero_lj,1577192116,0
914,x_prec_width_nofit_fit_pos_lj,1577192116,0
915,x_prec_width_fit_nofit_pos_lj,1577192116,0
916,x_prec_width_nofit_nofit_pos_lj,1577192116,0
917,x_prec_width_ff_pos_zp,1577192116,0
918,x_prec_width_ff_zero_zp,1577192116,0
919,x_prec_width_nf_pos_zp,1577192116,0
920,x_prec_width_fn_pos_zp,1577192116,0
921,x_prec_width_nn_pos_zp,1577192116,0
922,x_prec_width_ff_pos_ljzp_ignoreflag,1577192116,0
923,x_prec_width_ff_zero_ljzp_ignoreflag,1577192116,0
924,x_prec_width_nf_pos_ljzp_ignoreflag,1577192116,0
925,x_prec_width_fn_pos_ljzp_ignoreflag,1577192116,0
926,x_prec_width_nn_pos_ljzp_ignoreflag,1577192116,0
927,x_size_hh_pos_casted,1577192116,0
928,x_size_h_pos_casted,1577192116,0
929,x_size_l_pos_casted,1577192116,0
930,x_size_ll_pos_casted,1577192116,0
931,x_size_hh_pos_ref,1577192116,0
932,x_size_h_pos_ref,1577192116,0
933,x_size_l_pos_ref,1577192116,0
934,x_size_ll_pos_ref,1577192116,0
935,x_size_l_pos_big,1577192116,0
936,x_size_ll_pos_big,1577192116,0
937,x_ullmax,1577192116,0
938,x_ulmax,1577192116,0
939,x_uhmax,1577192116,0
940,x_uhhmax,1577192116,0
941,x_size_l_pos_big_zp,1577192116,0
942,x_size_ll_pos_big_width,1577192116,0
943,x_size_ll_hh_ll,1577192116,0
944,x_size_h_l_hh,1577192116,0
945,x_size_l_hh_h,1577192116,0
946,x_size_n_ll_hh,1577192116,0
947,x_size_ll_n_l,1577192116,0
948,x_basic_pos_af,1577192116,0
949,x_basic_zero_af,1577192116,0
950,x_basic_onlypos_af,1577192116,0
951,x_hexlmax_af,1577192116,0
952,x_width_pos_fits_af,1577192116,0
953,x_width_zero_fits_af,1577192116,0
954,x_width_pos_exactfit_af,1577192116,0
955,x_width_pos_nofit_af,1577192116,0
956,x_width_pos_fits_lj_af,1577192116,0
957,x_width_zero_fits_lj_af,1577192116,0
958,x_width_pos_exactfit_lj_af,1577192116,0
959,x_width_pos_nofit_lj_af,1577192116,0
960,x_prec_fits_pos_af,1577192116,0
961,x_prec_fits_zero_af,1577192116,0
962,x_prec_exactfit_pos_af,1577192116,0
963,x_prec_nofit_pos_af,1577192116,0
964,x_zp_pos_fits_af,1577192116,0
965,x_zp_zero_fits_af,1577192116,0
966,x_zp_pos_exactfit_af,1577192116,0
967,x_prec_width_fit_fit_pos_af,1577192116,0
968,x_prec_width_fit_fit_zero_af,1577192116,0
969,x_prec_width_nofit_fit_pos_af,1577192116,0
970,x_prec_width_fit_nofit_pos_af,1577192116,0
971,x_prec_width_nofit_nofit_pos_af,1577192116,0
972,x_prec_width_fit_fit_pos_lj_af,1577192116,0
973,x_prec_width_fit_fit_zero_lj_af,1577192116,0
974,x_prec_width_nofit_fit_pos_lj_af,1577192116,0
975,x_prec_width_fit_nofit_pos_lj_af,1577192116,0
976,x_prec_width_nofit_nofit_pos_lj_af,1577192116,0
977,x_prec_width_ff_pos_zp_af,1577192116,0
978,x_prec_width_ff_zero_zp_af,1577192116,0
979,x_prec_width_nf_pos_zp_af,1577192116,0
980,x_prec_width_fn_pos_zp_af,1577192116,0
981,x_prec_width_nn_pos_zp_af,1577192116,0
982,x_prec_width_ff_pos_ljzpaf_ignoreflag,1577192116,0
983,x_prec_width_ff_zero_ljzpaf_ignoreflag,1577192116,0
984,x_prec_width_nf_pos_ljzpaf_ignoreflag,1577192116,0
985,x_prec_width_fn_pos_ljzpaf_ignoreflag,1577192116,0
986,x_prec_width_nn_pos_ljzpaf_ignoreflag,1577192116,0
987,x_size_hh_pos_casted_af,1577192116,0
988,x_size_h_pos_casted_af,1577192116,0
989,x_size_l_pos_casted_af,1577192116,0
990,x_size_ll_pos_casted_af,1577192116,0
991,x_size_hh_pos_ref_af,1577192116,0
992,x_size_h_pos_ref_af,1577192116,0
993,x_size_l_pos_ref_af,1577192116,0
994,x_size_ll_pos_ref_af,1577192116,0
995,x_size_l_pos_big_af,1577192116,0
996,x_size_ll_pos_big_af,1577192116,0
997,x_ullmax_af,1577192116,0
998,x_ulmax_af,1577192116,0
999,x_uhmax_af,1577192116,0
1000,x_uhhmax_af,1577192116,0
1001,x_size_l_pos_big_zp_af,1577192116,0
1002,x_size_ll_pos_big_width_af,1577192116,0
1003,x_size_ll_hh_ll_af,1577192116,0
1004,x_size_h_l_hh_af,1577192116,0
1005,x_size_l_hh_h_af,1577192116,0
1006,x_size_n_ll_hh_af,1577192116,0
1007,x_size_ll_n_l_af,1577192116,0
1008,x_prec0val0_basic,1577192116,0
1009,x_prec0val0_implicit,1577192116,0
1010,x_prec0val0_w,1577192116,0
1011,x_prec0val0_w_impl,1577192116,0
1012,x_prec0val0_wlj,1577192116,0
1013,x_prec0val0_wlj_impl,1577192116,0
1014,x_prec0val0_af,1577192116,0
1015,x_prec0val0_af_impl,1577192116,0
1016,x_prec0val0_waf,1577192116,0
1017,x_prec0val0_waf_impl,1577192116,0
1018,x_prec0val0_waflj,1577192116,0
1019,x_prec0val0_waflj_impl,1577192116,0
1020,X_basic_hexu_pos,1577192116,0
1021,X_basic_hexu_zero,1577192116,0
1022,X_basic_hexu_onlypos,1577192116,0
1023,X_hexumax,1577192116,0
1024,X_width_pos_fits,1577192116,0
1025,X_width_zero_fits,1577192116,0
1026,X_width_pos_exactfit,1577192116,0
1027,X_width_pos_nofit,1577192116,0
1028,X_width_pos_fits_lj,1577192116,0
1029,X_width_zero_fits_lj,1577192116,0
1030,X_width_pos_exactfit_lj,1577192116,0
1031,X_width_pos_nofit_lj,1577192116,0
1032,X_prec_fits_pos,1577192116,0
1033,X_prec_fits_zero,1577192116,0
1034,X_prec_exactfit_pos,1577192116,0
1035,X_prec_nofit_pos,1577192116,0
1036,X_zp_pos_fits,1577192116,0
1037,X_zp_zero_fits,1577192116,0
1038,X_zp_pos_exactfit,1577192116,0
1039,X_prec_width_fit_fit_pos,1577192116,0
1040,X_prec_width_fit_fit_zero,1577192116,0
1041,X_prec_width_nofit_fit_pos,1577192116,0
1042,X_prec_width_fit_nofit_pos,1577192116,0
1043,X_prec_width_nofit_nofit_pos,1577192116,0
1044,X_prec_width_fit_fit_pos_lj,1577192116,0
1045,X_prec_width_fit_fit_zero_lj,1577192116,0
1046,X_prec_width_nofit_fit_pos_lj,1577192116,0
1047,X_prec_width_fit_nofit_pos_lj,1577192116,0
1048,X_prec_width_nofit_nofit_pos_lj,1577192116,0
1049,X_prec_width_ff_pos_zp,1577192116,0
1050,X_prec_width_ff_zero_zp,1577192116,0
1051,X_prec_width_nf_pos_zp,1577192116,0
1052,X_prec_width_fn_pos_zp,1577192116,0
1053,X_prec_width_nn_pos_zp,1577192116,0
1054,X_prec_width_ff_pos_ljzp_ignoreflag,1577192116,0
1055,X_prec_width_ff_zero_ljzp_ignoreflag,1577192116,0
1056,X_prec_width_nf_pos_ljzp_ignoreflag,1577192116,0
1057,X_prec_width_fn_pos_ljzp_ignoreflag,1577192116,0
1058,X_prec_width_nn_pos_ljzp_ignoreflag,1577192116,0
1059,X_size_hh_pos_casted,1577192116,0
1060,X_size_h_pos_casted,1577192116,0
1061,X_size_l_pos_casted,1577192116,0
1062,X_size_ll_pos_casted,1577192116,0
1063,X_size_hh_pos_ref,1577192116,0
1064,X_size_h_pos_ref,1577192116,0
1065,X_size_l_pos_ref,1577192116,0
1066,X_size_ll_pos_ref,1577192116,0
1067,X_size_l_pos_big,1577192116,0
1068,X_size_ll_pos_big,1577192116,0
1069,X_ullmax,1577192116,0
1070,X_ulmax,1577192116,0
1071,X_uhmax,1577192116,0
1072,X_uhhmax,1577192116,0
1073,X_size_l_pos_big_zp,1577192116,0
1074,X_size_ll_pos_big_width,1577192116,0
1075,X_size_ll_hh_ll,1577192116,0
1076,X_size_h_l_hh,1577192116,0
1077,X_size_l_hh_h,1577192116,0
1078,X_size_n_ll_hh,1577192116,0
1079,X_size_ll_n_l,1577192116,0
1080,X_basic_hexu_pos_af,1577192116,0
1081,X_basic_hexu_zero_af,1577192116,0
1082,X_basic_hexu_onlypos_af,1577192116,0
1083,X_hexumax_af,1577192116,0
1084,X_width_pos_fits_af,1577192116,0
1085,X_width_zero_fits_af,1577192116,0
1086,X_width_pos_exactfit_af,1577192116,0
1087,X_width_pos_nofit_af,1577192116,0
1088,X_width_pos_fits_lj_af,1577192116,0
1089,X_width_zero_fits_lj_af,1577192116,0
1090,X_width_pos_exactfit_lj_af,1577192116,0
1091,X_width_pos_nofit_lj_af,1577192116,0
1092,X_prec_fits_pos_af,1577192116,0
1093,X_prec_fits_zero_af,1577192116,0
1094,X_prec_exactfit_pos_af,1577192116,0
1095,X_prec_nofit_pos_af,1577192116,0
1096,X_zp_pos_fits_af,1577192116,0
1097,X_zp_zero_fits_af,1577192116,0
1098,X_zp_pos_exactfit_af,1577192116,0
1099,X_prec_width_fit_fit_pos_af,1577192116,0
1100,X_prec_width_fit_fit_zero_af,1577192116,0
1101,X_prec_width_nofit_fit_pos_af,1577192116,0
1102,X_prec_width_fit_nofit_pos_af,1577192116,0
1103,X_prec_width_nofit_nofit_pos_af,1577192116,0
1104,X_prec_width_fit_fit_pos_lj_af,1577192116,0
1105,X_prec_width_fit_fit_zero_lj_af,1577192116,0
1106,X_prec_width_nofit_fit_pos_lj_af,1577192116,0
1107,X_prec_width_fit_nofit_pos_lj_af,1577192116,0
1108,X_prec_width_nofit_nofit_pos_lj_af,1577192116,0
1109,X_prec_width_ff_pos_zp_af,1577192116,0
1110,X_prec_width_ff_zero_zp_af,1577192116,0
1111,X_prec_width_nf_pos_zp_af,1577192116,0
1112,X_prec_width_fn_pos_zp_af,1577192116,0
1113,X_prec_width_nn_pos_zp_af,1577192116,0
1114,X_prec_width_ff_pos_ljzpaf_ignoreflag,1577192116,0
1115,X_prec_width_ff_zero_ljzpaf_ignoreflag,1577192116,0
1116,X_prec_width_nf_pos_ljzpaf_ignoreflag,1577192116,0
1117,X_prec_width_fn_pos_ljzpaf_ignoreflag,1577192116,0
1118,X_prec_width_nn_pos_ljzpaf_ignoreflag,1577192116,0
1119,X_size_hh_pos_casted_af,1577192116,0
1120,X_size_h_pos_casted_af,1577192116,0
1121,X_size_l_pos_casted_af,1577192116,0
1122,X_size_ll_pos_casted_af,1577192116,0
1123,X_size_hh_pos_ref_af,1577192116,0
1124,X_size_h_pos_ref_af,1577192116,0
1125,X_size_l_pos_ref_af,1577192116,0
1126,X_size_ll_pos_ref_af,1577192116,0
1127,X_size_l_pos_big_af,1577192116,0
1128,X_size_ll_pos_big_af,1577192116,0
1129,X_ullmax_af,1577192116,0
1130,X_ulmax_af,1577192116,0
1131,X_uhmax_af,1577192116,0
1132,X_uhhmax_af,1577192116,0
1133,X_size_l_pos_big_zp_af,1577192116,0
1134,X_size_ll_pos_big_width_af,1577192116,0
1135,X_size_ll_hh_ll_af,1577192116,0
1136,X_size_h_l_hh_af,1577192116,0
1137,X_size_l_hh_h_af,1577192116,0
1138,X_size_n_ll_hh_af,1577192116,0
1139,X_size_ll_n_l_af,1577192116,0
1140,X_prec0val0_basic,1577192116,0
1141,X_prec0val0_implicit,1577192116,0
1142,X_prec0val0_w,1577192116,0
1143,X_prec0val0_w_impl,1577192116,0
1144,X_prec0val0_wlj,1577192116,0
1145,X_prec0val0_wlj_impl,1577192116,0
1146,X_prec0val0_af,1577192116,0
1147,X_prec0val0_af_impl,1577192116,0
1148,X_prec0val0_waf,1577192116,0
1149,X_prec0val0_waf_impl,1577192116,0
1150,X_prec0val0_waflj,1577192116,0
1151,X_prec0val0_waflj_impl,1577192116,0
1152,o_basic_octl_pos,1577192116,0
1153,o_basic_octl_zero,1577192116,0
1154,o_basic_octl_onlypos,1577192116,0
1155,o_octlmax,1577192116,0
1156,o_width_pos_fits,1577192116,0
1157,o_width_zero_fits,1577192116,0
1158,o_width_pos_exactfit,1577192116,0
1159,o_width_pos_nofit,1577192116,0
1160,o_width_pos_fits_lj,1577192116,0
1161,o_width_zero_fits_lj,1577192116,0
1162,o_width_pos_exactfit_lj,1577192116,0
1163,o_width_pos_nofit_lj,1577192116,0
1164,o_prec_fits_pos,1577192116,0
1165,o_prec_fits_zero,1577192116,0
1166,o_prec_exactfit_pos,1577192116,0
1167,o_prec_nofit_pos,1577192116,0
1168,o_zp_pos_fits,1577192116,0
1169,o_zp_zero_fits,1577192116,0
1170,o_zp_pos_exactfit,1577192116,0
1171,o_prec_width_fit_fit_pos,1577192116,0
1172,o_prec_width_fit_fit_zero,1577192116,0
1173,o_prec_width_nofit_fit_pos,1577192116,0
1174,o_prec_width_fit_nofit_pos,1577192116,0
1175,o_prec_width_nofit_nofit_pos,1577192116,0
1176,o_prec_width_fit_fit_pos_lj,1577192116,0
1177,o_prec_width_fit_fit_zero_lj,1577192116,0
1178,o_prec_width_nofit_fit_pos_lj,1577192116,0
1179,o_prec_width_fit_nofit_pos_lj,1577192116,0
1180,o_prec_width_nofit_nofit_pos_lj,1577192116,0
1181,o_prec_width_ff_pos_zp,1577192116,0
1182,o_prec_width_ff_zero_zp,1577192116,0
1183,o_prec_width_nf_pos_zp,1577192116,0
1184,o_prec_width_fn_pos_zp,1577192116,0
1185,o_prec_width_nn_pos_zp,1577192116,0
1186,o_prec_width_ff_pos_ljzp_ignoreflag,1577192116,0
1187,o_prec_width_ff_zero_ljzp_ignoreflag,1577192116,0
1188,o_prec_width_nf_pos_ljzp_ignoreflag,1577192116,0
1189,o_prec_width_fn_pos_ljzp_ignoreflag,1577192116,0
1190,o_prec_width_nn_pos_ljzp_ignoreflag,1577192116,0
1191,o_size_hh_pos_casted,1577192116,0
1192,o_size_h_pos_casted,1577192116,0
1193,o_size_l_pos_casted,1577192116,0
1194,o_size_ll_pos_casted,1577192116,0
1195,o_size_hh_pos_ref,1577192116,0
1196,o_size_h_pos_ref,1577192116,0
1197,o_size_l_pos_ref,1577192116,0
1198,o_size_ll_pos_ref,1577192116,0
1199,o_size_l_pos_big,1577192116,0
1200,o_size_ll_pos_big,1577192116,0
1201,o_ullmax,1577192116,0
1202,o_ulmax,1577192116,0
1203,o_uhmax,1577192116,0
1204,o_uhhmax,1577192116,0
1205,o_size_l_pos_big_zp,1577192116,0
1206,o_size_ll_pos_big_width,1577192116,0
1207,o_size_ll_hh_ll,1577192116,0
1208,o_size_h_l_hh,1577192116,0
1209,o_size_l_hh_h,1577192116,0
1210,o_size_n_ll_hh,1577192116,0
1211,o_size_ll_n_l,1577192116,0
1212,o_basic_octl_pos_af,1577192116,0
1213,o_basic_octl_zero_af,1577192116,0
1214,o_basic_octl_onlypos_af,1577192116,0
1215,o_octlmax_af,1577192116,0
1216,o_width_pos_fits_af,1577192116,0
1217,o_width_zero_fits_af,1577192116,0
1218,o_width_pos_exactfit_af,1577192116,0
1219,o_width_pos_nofit_af,1577192116,0
1220,o_width_pos_fits_lj_af,1577192116,0
1221,o_width_zero_fits_lj_af,1577192116,0
1222,o_width_pos_exactfit_lj_af,1577192116,0
1223,o_width_pos_nofit_lj_af,1577192116,0
1224,o_prec_fits_pos_af,1577192116,0
1225,o_prec_fits_zero_af,1577192116,0
1226,o_prec_exactfit_pos_af,1577192116,0
1227,o_prec_nofit_pos_af,1577192116,0
1228,o_zp_pos_fits_af,1577192116,0
1229,o_zp_zero_fits_af,1577192116,0
1230,o_zp_pos_exactfit_af,1577192116,0
1231,o_prec_width_fit_fit_pos_af,1577192116,0
1232,o_prec_width_fit_fit_zero_af,1577192116,0
1233,o_prec_width_nofit_fit_pos_af,1577192116,0
1234,o_prec_width_fit_nofit_pos_af,1577192116,0
1235,o_prec_width_nofit_nofit_pos_af,1577192116,0
1236,o_prec_width_fit_fit_pos_lj_af,1577192116,0
1237,o_prec_width_fit_fit_zero_lj_af,1577192116,0
1238,o_prec_width_nofit_fit_pos_lj_af,1577192116,0
1239,o_prec_width_fit_nofit_pos_lj_af,1577192116,0
1240,o_prec_width_nofit_nofit_pos_lj_af,1577192116,0
1241,o_prec_width_ff_pos_zp_af,1577192116,0
1242,o_prec_width_ff_zero_zp_af,1577192116,0
1243,o_prec_width_nf_pos_zp_af,1577192116,0
1244,o_prec_width_fn_pos_zp_af,1577192116,0
1245,o_prec_width_nn_pos_zp_af,1577192116,0
1246,o_prec_width_ff_pos_ljzpaf_ignoreflag,1577192116,0
1247,o_prec_width_ff_zero_ljzpaf_ignoreflag,1577192116,0
1248,o_prec_width_nf_pos_ljzpaf_ignoreflag,1577192116,0
1249,o_prec_width_fn_pos_ljzpaf_ignoreflag,1577192116,0
1250,o_prec_width_nn_pos_ljzpaf_ignoreflag,1577192116,0
1251,o_size_hh_pos_casted_af,1577192116,0
1252,o_size_h_pos_casted_af,1577192116,0
1253,o_size_l_pos_casted_af,1577192116,0
1254,o_size_ll_pos_casted_af,1577192116,0
1255,o_size_hh_pos_ref_af,1577192116,0
1256,o_size_h_pos_ref_af,1577192116,0
1257,o_size_l_pos_ref_af,1577192116,0
1258,o_size_ll_pos_ref_af,1577192116,0
1259,o_size_l_pos_big_af,1577192116,0
1260,o_size_ll_pos_big_af,1577192116,0
1261,o_ullmax_af,1577192116,0
1262,o_ulmax_af,1577192116,0
1263,o_uhmax_af,1577192116,0
1264,o_uhhmax_af,1577192116,0
1265,o_size_l_pos_big_zp_af,1577192116,0
1266,o_size_ll_pos_big_width_af,1577192116,0
1267,o_size_ll_hh_ll_af,1577192116,0
1268,o_size_h_l_hh_af,1577192116,0
1269,o_size_l_hh_h_af,1577192116,0
1270,o_size_n_ll_hh_af,1577192116,0
1271,o_size_ll_n_l_af,1577192116,0
1272,o_prec0val0_basic,1577192116,0
1273,o_prec0val0_implicit,1577192116,0
1274,o_prec0val0_w,1577192116,0
1275,o_prec0val0_w_impl,1577192116,0
1276,o_prec0val0_wlj,1577192116,0
1277,o_prec0val0_wlj_impl,1577192116,0
1278,o_prec0val0_af,1577192116,0
1279,o_prec0val0_af_impl,1577192116,0
1280,o_prec0val0_waf,1577192116,0
1281,o_prec0val0_waf_impl,1577192116,0
1282,o_prec0val0_waflj,1577192116,0
1283,o_prec0val0_waflj_impl,1577192116,0
1284,p_null,1577192116,0
1289,p_ftfc_5w_throwswarning,1577192116,0
1290,p_basic,1577192116,0
1291,p_width_fit,1577192116,0
1292,p_width_nofit,1577192116,0
1293,p_width_16,1577192116,0
1294,p_width_8,1577192116,0
1295,p_width_32,1577192116,0
1296,p_width_fit_lj,1577192116,0
1297,p_width_nofit_lj,1577192116,0
1298,p_width_16_lj,1577192116,0
1299,p_width_8_lj,1577192116,0
1300,p_width_32_lj,1577192116,0
1301,c_allprintable_combined,1577192116,0
1302,c_1_31_combined,1577192116,0
1303,c_128_255_combined,1577192116,0
1304,c_allprintable_width,1577192116,0
1305,c_1_31_width,1577192116,0
1306,c_128_255_width,1577192116,0
1307,c_allprintable_width_lj,1577192116,0
1308,c_1_31_width_lj,1577192116,0
1309,c_128_255_width_lj,1577192116,0
1310,c_nullterm_basic,1577192116,0
1311,c_nullterm_5w,1577192116,0
1312,c_nullterm_5wlj,1577192116,0
1313,f_basic_1,1577192116,0
1314,f_basic_fltonly,1577192116,0
1315,f_basic_whole,1577192116,0
1316,f_basic_negative,1577192116,0
1317,f_basic_positive_3_3,1577192116,0
1318,f_basic_negative_3_3,1577192116,0
1319,f_basic_positive_smallfpart,1577192116,0
1320,f_basic_positive_allsmall,1577192116,0
1321,f_basic_negative_smallfpart,1577192116,0
1322,f_basic_negative_allsmall,1577192116,0
1323,f_basic_limits_allsmall_pos,1577192116,0
1324,f_basic_limits_allsmall_neg,1577192116,0
1325,f_basic_limits_smallfpart_pos,1577192116,0
1326,f_basic_limits_smallfpart_neg,1577192116,0
1327,f_basic_limits_allbig_pos,1577192116,0
1328,f_basic_limits_allbig_neg,1577192116,0
1329,f_basic_limits_bigfpart_pos,1577192116,0
1330,f_basic_limits_bigfpart_neg,1577192116,0
1331,f_rndd_pos,1577192116,0
1332,f_rndd_neg,1577192116,0
1333,f_rndu_pos,1577192116,0
1334,f_rndu_neg,1577192116,0
1335,f_rndu_multidigit_pos,1577192116,0
1336,f_rndu_multidigit_neg,1577192116,0
1337,f_rndd_multidigit_pos,1577192116,0
1338,f_rndd_multidigit_neg,1577192116,0
1339,f_rndd_wholnobump_pos,1577192116,0
1340,f_rndd_wholnobump_neg,1577192116,0
1341,f_rndu_bumpwhole_pos,1577192116,0
1342,f_rndu_bumpwhole_neg,1577192116,0
1343,f_prec0_1,1577192116,0
1344,f_prec0_fltonly,1577192116,0
1345,f_prec0_whole,1577192116,0
1346,f_prec0_negative,1577192116,0
1347,f_prec0_positive_3_3,1577192116,0
1348,f_prec0_negative_3_3,1577192116,0
1349,f_prec0_positive_smallfpart,1577192116,0
1350,f_prec0_positive_allsmall,1577192116,0
1351,f_prec0_negative_smallfpart,1577192116,0
1352,f_prec0_negative_allsmall,1577192116,0
1353,f_prec1_1,1577192116,0
1354,f_prec1_fltonly,1577192116,0
1355,f_prec1_whole,1577192116,0
1356,f_prec1_negative,1577192116,0
1357,f_prec1_positive_3_3,1577192116,0
1358,f_prec1_negative_3_3,1577192116,0
1359,f_prec1_positive_smallfpart,1577192116,0
1360,f_prec1_positive_allsmall,1577192116,0
1361,f_prec1_negative_smallfpart,1577192116,0
1362,f_prec1_negative_allsmall,1577192116,0
1363,f_prec3_1,1577192116,0
1364,f_prec3_fltonly,1577192116,0
1365,f_prec3_whole,1577192116,0
1366,f_prec3_negative,1577192116,0
1367,f_prec3_positive_3_3,1577192116,0
1368,f_prec3_negative_3_3,1577192116,0
1369,f_prec3_positive_smallfpart,1577192116,0
1370,f_prec3_positive_allsmall,1577192116,0
1371,f_prec3_negative_smallfpart,1577192116,0
1372,f_prec3_negative_allsmall,1577192116,0
1373,f_prec7_1,1577192116,0
1374,f_prec7_fltonly,1577192116,0
1375,f_prec7_whole,1577192116,0
1376,f_prec7_negative,1577192116,0
1377,f_prec7_positive_3_3,1577192116,0
1378,f_prec7_negative_3_3,1577192116,0
1379,f_prec7_positive_smallfpart,1577192116,0
1380,f_prec7_positive_allsmall,1577192116,0
1381,f_prec7_negative_smallfpart,1577192116,0
1382,f_prec7_negative_allsmall,1577192116,0
1383,f_prec7_limits_allsmall_pos,1577192116,0
1384,f_prec7_limits_allsmall_neg,1577192116,0
1385,f_prec7_limits_smallfpart_pos,1577192116,0
1386,f_prec7_limits_smallfpart_neg,1577192116,0
1387,f_prec7_limits_allbig_pos,1577192116,0
1388,f_prec7_limits_allbig_neg,1577192116,0
1389,f_prec7_limits_bigfpart_pos,1577192116,0
1390,f_prec7_limits_bigfpart_neg,1577192116,0
1391,f_rnd_prec7_rndd_pos,1577192116,0
1392,f_rnd_prec7_rndd_neg,1577192116,0
1393,f_rnd_prec7_rndu_pos,1577192116,0
1394,f_rnd_prec7_rndu_neg,1577192116,0
1395,f_rnd_prec7_rndu_multidigit_pos,1577192116,0
1396,f_rnd_prec7_rndu_multidigit_neg,1577192116,0
1397,f_rnd_prec7_rndd_multidigit_pos,1577192116,0
1398,f_rnd_prec7_rndd_multidigit_neg,1577192116,0
1399,f_rnd_prec7_rndd_wholnobump_pos,1577192116,0
1400,f_rnd_prec7_rndd_wholnobump_neg,1577192116,0
1401,f_rnd_prec7_rndu_bumpwhole_pos,1577192116,0
1402,f_prec8_1,1577192116,0
1403,f_prec8_fltonly,1577192116,0
1404,f_prec8_whole,1577192116,0
1405,f_prec8_negative,1577192116,0
1406,f_prec8_positive_3_3,1577192116,0
1407,f_prec8_negative_3_3,1577192116,0
1408,f_prec8_positive_smallfpart,1577192116,0
1409,f_prec8_positive_allsmall,1577192116,0
1410,f_prec8_negative_smallfpart,1577192116,0
1411,f_prec8_negative_allsmall,1577192116,0
1412,f_prec8_limits_allsmall_pos,1577192116,0
1413,f_prec8_limits_allsmall_neg,1577192116,0
1414,f_prec8_limits_smallfpart_pos,1577192116,0
1415,f_prec8_limits_smallfpart_neg,1577192116,0
1416,f_prec8_limits_allbig_pos,1577192116,0
1417,f_prec8_limits_allbig_neg,1577192116,0
1418,f_prec8_limits_bigfpart_pos,1577192116,0
1419,f_prec8_limits_bigfpart_neg,1577192116,0
1420,f_rnd_prec8_rndd_pos,1577192116,0
1421,f_rnd_prec8_rndd_neg,1577192116,0
1422,f_rnd_prec8_rndu_pos,1577192116,0
1423,f_rnd_prec8_rndu_neg,1577192116,0
1424,f_rnd_prec8_rndu_multidigit_pos,1577192116,0
1425,f_rnd_prec8_rndu_multidigit_neg,1577192116,0
1426,f_rnd_prec8_rndd_multidigit_pos,1577192116,0
1427,f_rnd_prec8_rndd_multidigit_neg,1577192116,0
1428,f_rnd_prec8_rndd_wholnobump_pos,1577192116,0
1429,f_rnd_prec8_rndd_wholnobump_neg,1577192116,0
1430,f_rnd_prec8_rndu_bumpwhole_pos,1577192116,0
1431,f_stress_prec9_1,1577192116,0
1432,f_stress_prec9_fltonly,1577192116,0
1433,f_stress_prec9_whole,1577192116,0
1434,f_stress_prec9_negative,1577192116,0
1435,f_stress_prec9_positive_3_3,1577192116,0
1436,f_stress_prec9_negative_3_3,1577192116,0
1437,f_stress_prec9_positive_smallfpart,1577192116,0
1438,f_stress_prec9_positive_allsmall,1577192116,0
1439,f_stress_prec9_negative_smallfpart,1577192116,0
1440,f_stress_prec9_negative_allsmall,1577192116,0
1441,f_stress_prec9_limits_allsmall_pos,1577192116,0
1442,f_stress_prec9_limits_allsmall_neg,1577192116,0
1443,f_stress_prec9_limits_smallfpart_pos,1577192116,0
1444,f_stress_prec9_limits_smallfpart_neg,1577192116,0
1445,f_stress_prec9_limits_allbig_pos,1577192116,0
1446,f_stress_prec9_limits_allbig_neg,1577192116,0
1447,f_stress_prec9_limits_bigfpart_pos,1577192116,0
1448,f_stress_prec9_limits_bigfpart_neg,1577192116,0
1449,f_stress_prec9_rndd_pos,1577192116,0
1450,f_stress_prec9_rndd_neg,1577192116,0
1451,f_stress_prec9_rndu_pos,1577192116,0
1452,f_stress_prec9_rndu_neg,1577192116,0
1453,f_stress_prec9_rndu_multidigit_pos,1577192116,0
1454,f_stress_prec9_rndu_multidigit_neg,1577192116,0
1455,f_stress_prec9_rndd_multidigit_pos,1577192116,0
1456,f_stress_prec9_rndd_multidigit_neg,1577192116,0
1457,f_stress_prec9_rndd_wholnobump_pos,1577192116,0
1458,f_stress_prec9_rndd_wholnobump_neg,1577192116,0
1459,f_stress_prec9_rndu_bumpwhole_pos,1577192116,0
1460,f_stress_prec10_1,1577192116,0
1461,f_stress_prec10_fltonly,1577192116,0
1462,f_stress_prec10_whole,1577192116,0
1463,f_stress_prec10_negative,1577192116,0
1464,f_stress_prec10_positive_3_10,1577192116,0
1465,f_stress_prec10_negative_3_10,1577192116,0
1466,f_stress_prec10_pos,1577192116,0
1467,f_stress_prec10_neg,1577192116,0
1468,f_stress_prec10_rndd_pos,1577192116,0
1469,f_stress_prec10_rndd_neg,1577192116,0
1470,f_stress_prec10_rndu_pos,1577192116,0
1471,f_stress_prec10_rndu_neg,1577192116,0
1472,f_stress_prec10_positive_smallfpart,1577192116,0
1473,f_stress_prec10_positive_allsmall,1577192116,0
1474,f_stress_prec10_negative_smallfpart,1577192116,0
1475,f_stress_prec10_negative_allsmall,1577192116,0
1476,f_stress_prec10_limits_allsmall_pos,1577192116,0
1477,f_stress_prec10_limits_allsmall_neg,1577192116,0
1478,f_stress_prec10_limits_smallfpart_pos,1577192116,0
1479,f_stress_prec10_limits_smallfpart_neg,1577192116,0
1480,f_stress_prec10_limits_allbig_pos,1577192116,0
1481,f_stress_prec10_limits_allbig_neg,1577192116,0
1482,f_stress_prec10_limits_bigfpart_pos,1577192116,0
1483,f_stress_prec10_limits_bigfpart_neg,1577192116,0
1484,f_stress_prec11_rndu,1577192116,0
1485,f_stress_prec11_rndd,1577192116,0
1486,f_stress_prec11_limits_tiny,1577192116,0
1487,f_stress_prec11_limits_big,1577192116,0
1488,f_stress_prec12_rndu,1577192116,0
1489,f_stress_prec12_rndd,1577192116,0
1490,f_stress_prec12_limits_tiny,1577192116,0
1491,f_stress_prec12_limits_big,1577192116,0
1492,f_stress_prec13_rndu,1577192116,0
1493,f_stress_prec13_rndd,1577192116,0
1494,f_stress_prec13_limits_tiny,1577192116,0
1495,f_stress_prec13_limits_big,1577192116,0
1496,f_stress_prec14_rndu,1577192116,0
1497,f_stress_prec14_rndd,1577192116,0
1498,f_stress_prec14_limits_tiny,1577192116,0
1499,f_stress_prec14_limits_big,1577192116,0
1500,f_stress_prec15_rndu,1577192116,0
1501,f_stress_prec15_rndd,1577192116,0
1502,f_stress_prec15_limits_tiny,1577192116,0
1503,f_stress_prec15_limits_big,1577192116,0
1504,f_stress_prec16_rndu,1577192116,0
1505,f_stress_prec16_rndd,1577192116,0
1506,f_stress_prec16_limits_tiny,1577192116,0
1507,f_stress_prec16_limits_big,1577192116,0
1508,f_stress_prec17_rndu,1577192116,0
1509,f_stress_prec17_rndd,1577192116,0
1510,f_stress_prec17_limits_tiny,1577192116,0
1511,f_stress_prec17_limits_big,1577192116,0
1512,f_stress_prec18_rndu,1577192116,0
1513,f_stress_prec18_rndd,1577192116,0
1514,f_af_prec0p,1577192116,0
1515,f_af_prec1p,1577192116,0
1516,f_af_prec0n,1577192116,0
1517,f_af_prec1n,1577192116,0
1518,f_as_prec0p_as,1577192116,0
1519,f_as_prec3p_as,1577192116,0
1520,f_as_prec0n_as,1577192116,0
1521,f_as_prec3n_as,1577192116,0
1522,f_wprec0p,1577192116,0
1523,f_wprec1p,1577192116,0
1524,f_wprec3p,1577192116,0
1525,f_wprec6p,1577192116,0
1526,f_wprec0n,1577192116,0
1527,f_wprec1n,1577192116,0
1528,f_wprec3n,1577192116,0
1529,f_wprec6n,1577192116,0
1530,f_wzp_prec0p,1577192116,0
1531,f_wzp_prec1p,1577192116,0
1532,f_wzp_prec3p,1577192116,0
1533,f_wzp_prec6p,1577192116,0
1534,f_wzp_prec0n,1577192116,0
1535,f_wzp_prec1n,1577192116,0
1536,f_wzp_prec3n,1577192116,0
1537,f_wzp_prec6n,1577192116,0
1538,f_wlj_prec0p,1577192116,0
1539,f_wlj_prec1p,1577192116,0
1540,f_wlj_prec3p,1577192116,0
1541,f_wlj_prec6p,1577192116,0
1542,f_wlj_prec0n,1577192116,0
1543,f_wlj_prec1n,1577192116,0
1544,f_wlj_prec3n,1577192116,0
1545,f_wlj_prec6n,1577192116,0
1546,f_wzplj_prec0p_ignoreflag,1577192116,0
1547,f_wzplj_prec1p_ignoreflag,1577192116,0
1548,f_wzplj_prec3p_ignoreflag,1577192116,0
1549,f_wzplj_prec6p_ignoreflag,1577192116,0
1550,f_wzplj_prec0n_ignoreflag,1577192116,0
1551,f_wzplj_prec1n_ignoreflag,1577192116,0
1552,f_wzplj_prec3n_ignoreflag,1577192116,0
1553,f_wzplj_prec6n_ignoreflag,1577192116,0
1554,f_wzpljr_prec0p_ignoreflag,1577192116,0
1555,f_wzpljr_prec1p_ignoreflag,1577192116,0
1556,f_wzpljr_prec3p_ignoreflag,1577192116,0
1557,f_wzpljr_prec6p_ignoreflag,1577192116,0
1558,f_wzpljr_prec0n_ignoreflag,1577192116,0
1559,f_wzpljr_prec1n_ignoreflag,1577192116,0
1560,f_wzpljr_prec3n_ignoreflag,1577192116,0
1561,f_wzpljr_prec6n_ignoreflag,1577192116,0
1562,f_wzpljaf_prec0p,1577192116,0
1563,f_wzpljaf_prec1p,1577192116,0
1564,f_wzpljaf_prec3p,1577192116,0
1565,f_wzpljaf_prec6p,1577192116,0
1566,f_wzpljaf_prec0n,1577192116,0
1567,f_wzpljaf_prec1n,1577192116,0
1568,f_wzpljaf_prec3n,1577192116,0
1569,f_wzpljaf_prec6n,1577192116,0
1570,f_was_prec0p,1577192116,0
1571,f_was_prec1p,1577192116,0
1572,f_was_prec3p,1577192116,0
1573,f_was_prec6p,1577192116,0
1574,f_was_prec0n,1577192116,0
1575,f_was_prec1n,1577192116,0
1576,f_was_prec3n,1577192116,0
1577,f_was_prec6n,1577192116,0
1578,f_wzpas_prec0p,1577192116,0
1579,f_wzpas_prec1p,1577192116,0
1580,f_wzpas_prec3p,1577192116,0
1581,f_wzpas_prec6p,1577192116,0
1582,f_wzpas_prec0n,1577192116,0
1583,f_wzpas_prec1n,1577192116,0
1584,f_wzpas_prec3n,1577192116,0
1585,f_wzpas_prec6n,1577192116,0
1586,f_wljas_prec0p,1577192116,0
1587,f_wljas_prec1p,1577192116,0
1588,f_wljas_prec3p,1577192116,0
1589,f_wljas_prec6p,1577192116,0
1590,f_wljas_prec0n,1577192116,0
1591,f_wljas_prec1n,1577192116,0
1592,f_wljas_prec3n,1577192116,0
1593,f_wljas_prec6n,1577192116,0
1594,f_wzpljas_prec0p_ignoreflag,1577192116,0
1595,f_wzpljas_prec1p_ignoreflag,1577192116,0
1596,f_wzpljas_prec3p_ignoreflag,1577192116,0
1597,f_wzpljas_prec6p_ignoreflag,1577192116,0
1598,f_wzpljas_prec0n_ignoreflag,1577192116,0
1599,f_wzpljas_prec1n_ignoreflag,1577192116,0
1600,f_wzpljas_prec3n_ignoreflag,1577192116,0
1601,f_wzpljas_prec6n_ignoreflag,1577192116,0
1602,f_wzpljras_prec0p,1577192116,0
1603,f_wzpljras_prec1p,1577192116,0
1604,f_wzpljras_prec3p,1577192116,0
1605,f_wzpljras_prec6p,1577192116,0
1606,f_wzpljras_prec0n,1577192116,0
1607,f_wzpljras_prec1n,1577192116,0
1608,f_wzpljras_prec3n,1577192116,0
1609,f_wzpljras_prec6n,1577192116,0
1610,f_wzpljafas_prec0p,1577192116,0
1611,f_wzpljafas_prec1p,1577192116,0
1612,f_wzpljafas_prec3p,1577192116,0
1613,f_wzpljafas_prec6p,1577192116,0
1614,f_wzpljafas_prec0n,1577192116,0
1615,f_wzpljafas_prec1n,1577192116,0
1616,f_wzpljafas_prec3n,1577192116,0
1617,f_wzpljafas_prec6n,1577192116,0
1618,f_wsp_prec0p,1577192116,0
1619,f_wsp_prec1p,1577192116,0
1620,f_wsp_prec3p,1577192116,0
1621,f_wsp_prec6p,1577192116,0
1622,f_wsp_prec0n,1577192116,0
1623,f_wsp_prec1n,1577192116,0
1624,f_wsp_prec3n,1577192116,0
1625,f_wsp_prec6n,1577192116,0
1626,f_wzpsp_prec0p,1577192116,0
1627,f_wzpsp_prec1p,1577192116,0
1628,f_wzpsp_prec3p,1577192116,0
1629,f_wzpsp_prec6p,1577192116,0
1630,f_wzpsp_prec0n,1577192116,0
1631,f_wzpsp_prec1n,1577192116,0
1632,f_wzpsp_prec3n,1577192116,0
1633,f_wzpsp_prec6n,1577192116,0
1634,f_wljsp_prec0p,1577192116,0
1635,f_wljsp_prec1p,1577192116,0
1636,f_wljsp_prec3p,1577192116,0
1637,f_wljsp_prec6p,1577192116,0
1638,f_wljsp_prec0n,1577192116,0
1639,f_wljsp_prec1n,1577192116,0
1640,f_wljsp_prec3n,1577192116,0
1641,f_wljsp_prec6n,1577192116,0
1642,f_wzpljsp_prec0p_ignoreflag,1577192116,0
1643,f_wzpljsp_prec1p_ignoreflag,1577192116,0
1644,f_wzpljsp_prec3p_ignoreflag,1577192116,0
1645,f_wzpljsp_prec6p_ignoreflag,1577192116,0
1646,f_wzpljsp_prec0n_ignoreflag,1577192116,0
1647,f_wzpljsp_prec1n_ignoreflag,1577192116,0
1648,f_wzpljsp_prec3n_ignoreflag,1577192116,0
1649,f_wzpljsp_prec6n_ignoreflag,1577192116,0
1650,f_wzpljrsp_prec0p,1577192116,0
1651,f_wzpljrsp_prec1p,1577192116,0
1652,f_wzpljrsp_prec3p,1577192116,0
1653,f_wzpljrsp_prec6p,1577192116,0
1654,f_wzpljrsp_prec0n,1577192116,0
1655,f_wzpljrsp_prec1n,1577192116,0
1656,f_wzpljrsp_prec3n,1577192116,0
1657,f_wzpljrsp_prec6n,1577192116,0
1658,f_wzpljafsp_prec0p,1577192116,0
1659,f_wzpljafsp_prec1p,1577192116,0
1660,f_wzpljafsp_prec3p,1577192116,0
1661,f_wzpljafsp_prec6p,1577192116,0
1662,f_wzpljafsp_prec0n,1577192116,0
1663,f_wzpljafsp_prec1n,1577192116,0
1664,f_wzpljafsp_prec3n,1577192116,0
1665,f_wzpljafsp_prec6n,1577192116,0
1666,f_assp_prec0p_ignoreflag,1577192116,0
1667,f_assp_prec1p_ignoreflag,1577192116,0
1668,f_assp_prec3p_ignoreflag,1577192116,0
1669,f_assp_prec6p_ignoreflag,1577192116,0
1670,f_assp_prec0n_ignoreflag,1577192116,0
1671,f_assp_prec1n_ignoreflag,1577192116,0
1672,f_assp_prec3n_ignoreflag,1577192116,0
1673,f_assp_prec6n_ignoreflag,1577192116,0
1674,f_asspr_prec0p_ignoreflag,1577192116,0
1675,f_asspr_prec1p_ignoreflag,1577192116,0
1676,f_asspr_prec3p_ignoreflag,1577192116,0
1677,f_asspr_prec6p_ignoreflag,1577192116,0
1678,f_asspr_prec0n_ignoreflag,1577192116,0
1679,f_asspr_prec1n_ignoreflag,1577192116,0
1680,f_asspr_prec3n_ignoreflag,1577192116,0
1681,f_asspr_prec6n_ignoreflag,1577192116,0
1704,f_limits_dblmin_prec0,1577192116,0
1705,f_limits_dblmin_prec3,1577192116,0
1706,f_limits_dblmin_precd,1577192116,0
1707,f_limits_dblmin_prec8,1577192116,0
1708,f_stress_limits_dblmin_prec12,1577192116,0
1709,f_stress_limits_dblmin_prec16,1577192116,0
1710,f_stress_limits_dblmin_prec18,1577192116,0
1711,f_limits_ndblmin_prec0,1577192116,0
1712,f_limits_ndblmin_prec3,1577192116,0
1713,f_limits_ndblmin_precd,1577192116,0
1714,f_limits_ndblmin_prec8,1577192116,0
1715,f_stress_limits_ndblmin_prec12,1577192116,0
1716,f_stress_limits_ndblmin_prec16,1577192116,0
1717,f_stress_limits_ndblmin_prec18,1577192116,0
1758,f_L_basic_1,1577192116,0
1759,f_L_basic_fltonly,1577192116,0
1760,f_L_basic_whole,1577192116,0
1761,f_L_basic_negative,1577192116,0
1762,f_L_basic_positive_3_3,1577192116,0
1763,f_L_basic_negative_3_3,1577192116,0
1764,f_L_basic_positive_smallfpart,1577192116,0
1765,f_L_basic_positive_allsmall,1577192116,0
1766,f_L_basic_negative_smallfpart,1577192116,0
1767,f_L_basic_negative_allsmall,1577192116,0
1768,f_L_basic_limits_allsmall_pos,1577192116,0
1769,f_L_basic_limits_allsmall_neg,1577192116,0
1770,f_L_basic_limits_smallfpart_pos,1577192116,0
1771,f_L_basic_limits_smallfpart_neg,1577192116,0
1772,f_L_basic_limits_allbig_pos,1577192116,0
1773,f_L_basic_limits_allbig_neg,1577192116,0
1774,f_L_basic_limits_bigfpart_pos,1577192116,0
1775,f_L_basic_limits_bigfpart_neg,1577192116,0
1776,f_L_rndd_pos,1577192116,0
1777,f_L_rndd_neg,1577192116,0
1778,f_L_rndu_pos,1577192116,0
1779,f_L_rndu_neg,1577192116,0
1780,f_L_rndu_multidigit_pos,1577192116,0
1781,f_L_rndu_multidigit_neg,1577192116,0
1782,f_L_rndd_multidigit_pos,1577192116,0
1783,f_L_rndd_multidigit_neg,1577192116,0
1784,f_L_rndd_wholnobump_pos,1577192116,0
1785,f_L_rndd_wholnobump_neg,1577192116,0
1786,f_L_rndu_bumpwhole_pos,1577192116,0
1787,f_L_rndu_bumpwhole_neg,1577192116,0
1788,f_L_prec7_1,1577192116,0
1789,f_L_prec7_fltonly,1577192116,0
1790,f_L_prec7_whole,1577192116,0
1791,f_L_prec7_negative,1577192116,0
1792,f_L_prec7_positive_3_3,1577192116,0
1793,f_L_prec7_negative_3_3,1577192116,0
1794,f_L_prec7_positive_smallfpart,1577192116,0
1795,f_L_prec7_positive_allsmall,1577192116,0
1796,f_L_prec7_negative_smallfpart,1577192116,0
1797,f_L_prec7_negative_allsmall,1577192116,0
1798,f_L_prec7_limits_allsmall_pos,1577192116,0
1799,f_L_prec7_limits_allsmall_neg,1577192116,0
1800,f_L_prec7_limits_smallfpart_pos,1577192116,0
1801,f_L_prec7_limits_smallfpart_neg,1577192116,0
1802,f_L_prec7_limits_allbig_pos,1577192116,0
1803,f_L_prec7_limits_allbig_neg,1577192116,0
1804,f_L_prec7_limits_bigfpart_pos,1577192116,0
1805,f_L_prec7_limits_bigfpart_neg,1577192116,0
1806,f_L_rnd_prec7_rndd_pos,1577192116,0
1807,f_L_rnd_prec7_rndd_neg,1577192116,0
1808,f_L_rnd_prec7_rndu_pos,1577192116,0
1809,f_L_rnd_prec7_rndu_neg,1577192116,0
1810,f_L_rnd_prec7_rndu_multidigit_pos,1577192116,0
1811,f_L_rnd_prec7_rndu_multidigit_neg,1577192116,0
1812,f_L_rnd_prec7_rndd_multidigit_pos,1577192116,0
1813,f_L_rnd_prec7_rndd_multidigit_neg,1577192116,0
1814,f_L_rnd_prec7_rndd_wholnobump_pos,1577192116,0
1815,f_L_rnd_prec7_rndd_wholnobump_neg,1577192116,0
1816,f_L_rnd_prec7_rndu_bumpwhole_pos,1577192116,0
1817,f_L_prec8_1,1577192116,0
1818,f_L_prec8_fltonly,1577192116,0
1819,f_L_prec8_whole,1577192116,0
1820,f_L_prec8_negative,1577192116,0
1821,f_L_prec8_positive_3_3,1577192116,0
1822,f_L_prec8_negative_3_3,1577192116,0
1823,f_L_prec8_positive_smallfpart,1577192116,0
1824,f_L_prec8_positive_allsmall,1577192116,0
1825,f_L_prec8_negative_smallfpart,1577192116,0
1826,f_L_prec8_negative_allsmall,1577192116,0
1827,f_L_prec8_limits_allsmall_pos,1577192116,0
1828,f_L_prec8_limits_allsmall_neg,1577192116,0
1829,f_L_prec8_limits_smallfpart_pos,1577192116,0
1830,f_L_prec8_limits_smallfpart_neg,1577192116,0
1831,f_L_prec8_limits_allbig_pos,1577192116,0
1832,f_L_prec8_limits_allbig_neg,1577192116,0
1833,f_L_prec8_limits_bigfpart_pos,1577192116,0
1834,f_L_prec8_limits_bigfpart_neg,1577192116,0
1835,f_L_rnd_prec8_rndd_pos,1577192116,0
1836,f_L_rnd_prec8_rndd_neg,1577192116,0
1837,f_L_rnd_prec8_rndu_pos,1577192116,0
1838,f_L_rnd_prec8_rndu_neg,1577192116,0
1839,f_L_rnd_prec8_rndu_multidigit_pos,1577192116,0
1840,f_L_rnd_prec8_rndu_multidigit_neg,1577192116,0
1841,f_L_rnd_prec8_rndd_multidigit_pos,1577192116,0
1842,f_L_rnd_prec8_rndd_multidigit_neg,1577192116,0
1843,f_L_rnd_prec8_rndd_wholnobump_pos,1577192116,0
1844,f_L_rnd_prec8_rndd_wholnobump_neg,1577192116,0
1845,f_L_rnd_prec8_rndu_bumpwhole_pos,1577192116,0
1846,f_L_prec9_1,1577192116,0
1847,f_L_prec9_fltonly,1577192116,0
1848,f_L_prec9_whole,1577192116,0
1849,f_L_prec9_negative,1577192116,0
1850,f_L_prec9_positive_3_3,1577192116,0
1851,f_L_prec9_negative_3_3,1577192116,0
1852,f_L_prec9_positive_smallfpart,1577192116,0
1853,f_L_prec9_positive_allsmall,1577192116,0
1854,f_L_prec9_negative_smallfpart,1577192116,0
1855,f_L_prec9_negative_allsmall,1577192116,0
1856,f_L_prec9_limits_allsmall_pos,1577192116,0
1857,f_L_prec9_limits_allsmall_neg,1577192116,0
1858,f_L_prec9_limits_smallfpart_pos,1577192116,0
1859,f_L_prec9_limits_smallfpart_neg,1577192116,0
1860,f_L_prec9_limits_allbig_pos,1577192116,0
1861,f_L_prec9_limits_allbig_neg,1577192116,0
1862,f_L_prec9_limits_bigfpart_pos,1577192116,0
1863,f_L_prec9_limits_bigfpart_neg,1577192116,0
1864,f_L_rnd_prec9_rndd_pos,1577192116,0
1865,f_L_rnd_prec9_rndd_neg,1577192116,0
1866,f_L_rnd_prec9_rndu_pos,1577192116,0
1867,f_L_rnd_prec9_rndu_neg,1577192116,0
1868,f_L_rnd_prec9_rndu_multidigit_pos,1577192116,0
1869,f_L_rnd_prec9_rndu_multidigit_neg,1577192116,0
1870,f_L_rnd_prec9_rndd_multidigit_pos,1577192116,0
1871,f_L_rnd_prec9_rndd_multidigit_neg,1577192116,0
1872,f_L_rnd_prec9_rndd_wholnobump_pos,1577192116,0
1873,f_L_rnd_prec9_rndd_wholnobump_neg,1577192116,0
1874,f_L_rnd_prec9_rndu_bumpwhole_pos,1577192116,0
1875,f_L_stress_prec10_1,1577192116,0
1876,f_L_stress_prec10_fltonly,1577192116,0
1877,f_L_stress_prec10_whole,1577192116,0
1878,f_L_stress_prec10_negative,1577192116,0
1879,f_L_stress_prec10_positive_3_10,1577192116,0
1880,f_L_stress_prec10_negative_3_10,1577192116,0
1881,f_L_stress_prec10_pos,1577192116,0
1882,f_L_stress_prec10_neg,1577192116,0
1883,f_L_stress_prec10_rndd_pos,1577192116,0
1884,f_L_stress_prec10_rndd_neg,1577192116,0
1885,f_L_stress_prec10_rndu_pos,1577192116,0
1886,f_L_stress_prec10_rndu_neg,1577192116,0
1887,f_L_stress_prec10_positive_smallfpart,1577192116,0
1888,f_L_stress_prec10_positive_allsmall,1577192116,0
1889,f_L_stress_prec10_negative_smallfpart,1577192116,0
1890,f_L_stress_prec10_negative_allsmall,1577192116,0
1891,f_L_stress_prec10_limits_allsmall_pos,1577192116,0
1892,f_L_stress_prec10_limits_allsmall_neg,1577192116,0
1893,f_L_stress_prec10_limits_smallfpart_pos,1577192116,0
1894,f_L_stress_prec10_limits_smallfpart_neg,1577192116,0
1895,f_L_stress_prec10_limits_allbig_pos,1577192116,0
1896,f_L_stress_prec10_limits_allbig_neg,1577192116,0
1897,f_L_stress_prec10_limits_bigfpart_pos,1577192116,0
1898,f_L_stress_prec10_limits_bigfpart_neg,1577192116,0
1899,f_L_stress_prec12_rndu,1577192116,0
1900,f_L_stress_prec12_rndd,1577192116,0
1901,f_L_stress_prec12_limits_tiny,1577192116,0
1902,f_L_stress_prec12_limits_big,1577192116,0
1903,f_L_stress_prec14_rndu,1577192116,0
1904,f_L_stress_prec14_rndd,1577192116,0
1905,f_L_stress_prec14_limits_tiny,1577192116,0
1906,f_L_stress_prec14_limits_big,1577192116,0
1907,f_L_stress_prec16_rndu,1577192116,0
1908,f_L_stress_prec16_rndd,1577192116,0
1909,f_L_stress_prec16_limits_tiny,1577192116,0
1910,f_L_stress_prec16_limits_big,1577192116,0
1911,f_L_stress_prec17_rndu,1577192116,0
1912,f_L_stress_prec17_rndd,1577192116,0
1913,f_L_stress_prec17_limits_tiny,1577192116,0
1914,f_L_stress_prec17_limits_big,1577192116,0
1915,f_L_stress_prec18_rndu,1577192116,0
1916,f_L_stress_prec18_rndd,1577192116,0
1917,f_L_stress_prec18_limits_tiny,1577192116,0
1918,f_L_stress_prec18_limits_big,1577192116,0
1919,f_L_stress_prec19_rndu,1577192116,0
1920,f_L_stress_prec19_rndd,1577192116,0
1921,f_L_stress_prec19_limits_tiny,1577192116,0
1922,f_L_stress_prec19_limits_big,1577192116,0
1923,f_L_stress_prec20_rndu,1577192116,0
1924,f_L_stress_prec20_rndd,1577192116,0
1925,f_L_stress_prec20_limits_tiny,1577192116,0
1926,f_L_stress_prec20_limits_big,1577192116,0
1989,f_L_limits_dblmin_prec0,1577192116,0
1990,f_L_limits_dblmin_prec3,1577192116,0
1991,f_L_limits_dblmin_precd,1577192116,0
1992,f_L_limits_dblmin_prec8,1577192116,0
1993,f_L_stress_limits_dblmin_prec12,1577192116,0
1994,f_L_stress_limits_dblmin_prec16,1577192116,0
1995,f_L_stress_limits_dblmin_prec18,1577192116,0
1996,f_L_limits_ndblmin_prec0,1577192116,0
1997,f_L_limits_ndblmin_prec3,1577192116,0
1998,f_L_limits_ndblmin_precd,1577192116,0
1999,f_L_limits_ndblmin_prec8,1577192116,0
2000,f_L_stress_limits_ndblmin_prec12,1577192116,0
2001,f_L_stress_limits_ndblmin_prec16,1577192116,0
2002,f_L_stress_limits_ndblmin_prec18,1577192116,0
2019,mix_test_0,1577192116,0
2020,mix_test_1,1577192116,0
2021,mix_test_2,1577192116,0
2022,mix_test_3,1577192116,0
2023,mix_test_4,1577192116,0
2024,mix_test_5,1577192116,0
2025,mix_test_6,1577192116,0
2026,mix_test_7,1577192116,0
2027,mix_test_8,1577192116,0
2028,mix_test_9,1577192116,0
2029,mix_test_10,1577192116,0
2030,mix_test_11,1577192116,0
2031,mix_test_12,1577192116,0
2032,mix_test_13,1577192116,0
2033,mix_test_14,1577192116,0
2034,mix_test_15,1577192116,0
2035,mix_test_16,1577192116,0
2036,mix_test_17,1577192116,0
2037,mix_test_18,1577192116,0
2038,mix_test_19,1577192116,0
2039,mix_test_20,1577192116,0
2040,mix_test_21,1577192116,0
2041,mix_test_22,1577192116,0
2042,mix_test_23,1577192116,0
2043,mix_test_24,1577192116,0
2044,mix_test_25,1577192116,0
2045,mix_test_26,1577192116,0
2046,mix_test_27,1577192116,0
2047,mix_test_28,1577192116,0
2048,mix_test_29,1577192116,0
2049,mix_test_30,1577192116,0
2050,mix_test_31,1577192116,0
2051,mix_test_32,1577192116,0
2052,mix_test_33,1577192116,0
2053,mix_test_34,1577192116,0
2054,mix_test_35,1577192116,0
2055,mix_test_36,1577192116,0
2056,mix_test_37,1577192116,0
2057,mix_test_38,1577192116,0
2058,mix_test_39,1577192116,0
2059,mix_test_40,1577192116,0
2060,mix_test_41,1577192116,0
2061,mix_test_42,1577192116,0
2062,mix_test_43,1577192116,0
2063,mix_test_44,1577192116,0
2064,mix_test_45,1577192116,0
2065,mix_test_46,1577192116,0
2066,mix_test_47,1577192116,0
2067,mix_test_48,1577192116,0
2068,mix_test_49,1577192116,0
2069,mix_test_50,1577192116,0
2070,mix_test_51,1577192116,0
2071,mix_test_52,1577192116,0
2072,mix_test_53,1577192116,0
2073,mix_test_54,1577192116,0
2074,mix_test_55,1577192116,0
2075,mix_test_56,1577192116,0
2076,mix_test_57,1577192116,0
2077,mix_test_58,1577192116,0
2078,mix_test_59,1577192116,0
2079,mix_test_60,1577192116,0
2080,mix_test_61,1577192116,0
2081,mix_test_62,1577192116,0
2082,mix_test_63,1577192116,0
2083,mix_test_64,1577192116,0
2084,mix_test_65,1577192116,0
2085,mix_test_66,1577192116,0
2086,mix_test_67,1577192116,0
2087,mix_test_68,1577192116,0
2088,mix_test_69,1577192116,0
2089,mix_test_70,1577192116,0
2090,mix_test_71,1577192116,0
2091,mix_test_72,1577192116,0
2092,mix_test_73,1577192116,0
2093,mix_test_74,1577192116,0
2094,mix_test_75,1577192116,0
2095,mix_test_76,1577192116,0
2096,mix_test_77,1577192116,0
2097,mix_test_78,1577192116,0
2098,mix_test_79,1577192116,0
2099,mix_test_80,1577192116,0
2100,mix_test_81,1577192116,0
2101,mix_test_82,1577192116,0
2102,mix_test_83,1577192116,0
2103,mix_test_84,1577192116,0
2104,mix_test_85,1577192116,0
2105,mix_test_86,1577192116,0
2106,mix_test_87,1577192116,0
2107,mix_test_88,1577192116,0
2108,mix_test_89,1577192116,0
2109,mix_test_90,1577192116,0
2110,mix_test_91,1577192116,0
2111,mix_test_92,1577192116,0
2112,mix_test_93,1577192116,0
2113,mix_test_94,1577192116,0
2114,mix_test_95,1577192116,0
2115,mix_test_96,1577192116,0
2116,mix_test_97,1577192116,0
2117,mix_test_98,1577192116,0
2118,mix_test_99,1577192116,0
2119,mix_test_100,1577192116,0
2120,mix_test_101,1577192116,0
2121,mix_test_102,1577192116,0
2122,mix_test_103,1577192116,0
2123,mix_test_104,1577192116,0
2124,mix_test_105,1577192116,0
2125,mix_test_106,1577192116,0
2126,mix_test_107,1577192116,0
2127,mix_test_108,1577192116,0
2128,mix_test_109,1577192116,0
2129,mix_test_110,1577192116,0
2130,mix_test_111,1577192116,0
2131,mix_test_112,1577192116,0
2132,mix_test_113,1577192116,0
2133,mix_test_114,1577192116,0
2134,mix_test_115,1577192116,0
2135,mix_test_116,1577192116,0
2136,mix_test_117,1577192116,0
2137,mix_test_118,1577192116,0
2138,mix_test_119,1577192116,0
2139,mix_test_120,1577192116,0
2140,mix_test_121,1577192116,0
2141,mix_test_122,1577192116,0
2142,mix_test_123,1577192116,0
2143,mix_test_124,1577192116,0
2144,mix_test_125,1577192116,0
2145,mix_test_126,1577192116,0
2146,mix_test_127,1577192116,0
2147,mix_test_128,1577192116,0
2148,mix_test_129,1577192116,0
2149,mix_test_130,1577192116,0
2150,mix_test_131,1577192116,0
2151,mix_test_132,1577192116,0
2152,mix_test_133,1577192116,0
2153,mix_test_134,1577192116,0
2154,mix_test_135,1577192116,0
2155,mix_test_136,1577192116,0
2156,mix_test_137,1577192116,0
2157,mix_test_138,1577192116,0
2158,mix_test_139,1577192116,0
2159,mix_test_140,1577192116,0
2160,mix_test_141,1577192116,0
2161,mix_test_142,1577192116,0
2162,mix_test_143,1577192116,0
2163,mix_test_144,1577192116,0
2164,mix_test_145,1577192116,0
2165,mix_test_146,1577192116,0
2166,mix_test_147,1577192116,0
2167,mix_test_148,1577192116,0
2168,mix_test_149,1577192116,0
2169,mix_test_150,1577192116,0
2170,mix_test_151,1577192116,0
2171,mix_test_152,1577192116,0
2172,mix_test_153,1577192116,0
2173,mix_test_154,1577192116,0
2174,mix_test_155,1577192116,0
2175,mix_test_156,1577192116,0
2176,mix_test_157,1577192116,0
2177,mix_test_158,1577192116,0
2178,mix_test_159,1577192116,0
2179,mix_test_160,1577192116,0
2180,mix_test_161,1577192116,0
2181,mix_test_162,1577192116,0
2182,mix_test_163,1577192116,0
2183,mix_test_164,1577192116,0
2184,mix_test_165,1577192116,0
2185,mix_test_166,1577192116,0
2186,mix_test_167,1577192116,0
2187,mix_test_168,1577192116,0
2188,mix_test_169,1577192116,0
2189,mix_test_170,1577192116,0
2190,mix_test_171,1577192116,0
2191,mix_test_172,1577192116,0
2192,mix_test_173,1577192116,0
2193,mix_test_174,1577192116,0
2194,mix_test_175,1577192116,0
2195,mix_test_176,1577192116,0
2196,mix_test_177,1577192116,0
2197,mix_test_178,1577192116,0
2198,mix_test_179,1577192116,0
2199,mix_test_180,1577192116,0
2200,mix_test_181,1577192116,0
2201,mix_test_182,1577192116,0
2202,mix_test_183,1577192116,0
2203,mix_test_184,1577192116,0
2204,mix_test_185,1577192116,0
2205,mix_test_186,1577192116,0
2206,mix_test_187,1577192116,0
2207,mix_test_188,1577192116,0
2208,mix_test_189,1577192116,0
2209,mix_test_190,1577192116,0
2210,mix_test_191,1577192116,0
2211,mix_test_192,1577192116,0
2212,mix_test_193,1577192116,0
2213,mix_test_194,1577192116,0
2214,mix_test_195,1577192116,0
2215,mix_test_196,1577192116,0
2216,mix_test_197,1577192116,0
2217,mix_test_198,1577192116,0
2218,mix_test_199,1577192116,0
2219,mix_test_extra_1,1577192116,0
2220,mix_test_extra_2,1577192116,0
2221,mix_test_extra_3,1577192116,0
2222,mix_test_extra_4,1577192116,0
2223,mix_test_extra_5,1577192116,0
2224,mix_test_extra_6,1577192116,0
2225,mix_test_extra_7,1577192116,0
2226,mix_test_extra_8,1577192116,0
2227,mix_test_extra_9,1577192116,0
2228,mix_test_extra_10,1577192116,0
2229,mix_successive_0,1577192116,0
2230,mix_successive_1,1577192116,0
2231,mix_successive_2,1577192116,0
2232,mix_successive_3,1577192116,0
2233,mix_successive_4,1577192116,0
2234,mix_successive_5,1577192116,0
2235,mix_successive_6,1577192116,0
2236,mix_successive_7,1577192116,0
2237,mix_successive_8,1577192116,0
2238,mix_successive_9,1577192116,0
2239,mix_successive_10,1577192116,0
2240,mix_successive_11,1577192116,0
2241,mix_successive_12,1577192116,0
2242,mix_successive_13,1577192116,0
2243,mix_successive_14,1577192116,0
2244,mix_successive_15,1577192116,0
2245,mix_successive_16,1577192116,0
2246,mix_successive_17,1577192116,0
2247,mix_successive_18,1577192116,0
2248,mix_successive_19,1577192116,0
2249,mix_successive_20,1577192116,0
2250,mix_successive_21,1577192116,0
2251,mix_successive_22,1577192116,0
2252,mix_successive_23,1577192116,0
2253,mix_successive_24,1577192116,0
2254,mix_successive_25,1577192116,0
2255,mix_successive_26,1577192116,0
2256,mix_successive_27,1577192116,0
2257,mix_successive_28,1577192116,0
2258,mix_successive_29,1577192116,0
2259,mix_successive_30,1577192116,0
2260,mix_successive_31,1577192116,0
2261,mix_successive_32,1577192116,0
2262,mix_successive_33,1577192116,0
2263,mix_successive_34,1577192116,0
2264,mix_successive_35,1577192116,0
2265,mix_successive_36,1577192116,0
2266,mix_successive_37,1577192116,0
2267,mix_successive_38,1577192116,0
2268,mix_successive_39,1577192116,0
2269,mix_successive_40,1577192116,0
2270,mix_successive_41,1577192116,0
2271,mix_successive_42,1577192116,0
2272,mix_successive_43,1577192116,0
2273,mix_successive_44,1577192116,0
2274,mix_successive_45,1577192116,0
2275,mix_successive_46,1577192116,0
2276,mix_successive_47,1577192116,0
2277,mix_successive_48,1577192116,0
2278,mix_successive_49,1577192116,0
2279,mix_successive_50,1577192116,0
2280,mix_successive_51,1577192116,0
2281,mix_successive_52,1577192116,0
2282,mix_successive_53,1577192116,0
2283,mix_successive_54,1577192116,0
2284,mix_successive_55,1577192116,0
2285,mix_successive_56,1577192116,0
2286,mix_successive_57,1577192116,0
2287,mix_successive_58,1577192116,0
2288,mix_successive_59,1577192116,0
2289,mix_successive_60,1577192116,0
2290,mix_successive_61,1577192116,0
2291,mix_successive_62,1577192116,0
2292,mix_successive_63,1577192116,0
2293,mix_successive_64,1577192116,0
2294,mix_successive_65,1577192116,0
2295,mix_successive_66,1577192116,0
2296,mix_successive_67,1577192116,0
2297,mix_successive_68,1577192116,0
2298,mix_successive_69,1577192116,0
2299,mix_successive_70,1577192116,0
2321,nocrash_nullarg_1,1577192116,0
2322,nocrash_nullarg_2,1577192116,0
2323,nocrash_nullarg_3,1577192116,0
2324,nocrash_nullarg_4,1577192116,0
2325,nocrash_nullarg_5,1577192116,0
2326,nocrash_nullarg_6,1577192116,0
2327,nocrash_nullarg_9,1577192116,0
2328,nocrash_nullarg_10,1577192116,0
2329,nocrash_nullarg_11,1577192116,0
2330,nocrash_nullarg_12,1577192116,0
2331,nocrash_nullarg_13,1577192116,0
2332,nocrash_nullarg_14,1577192116,0
2333,nocrash_nullarg_15,1577192116,0
2334,nocrash_nullarg_16,1577192116,0
2335,nocrash_nullarg_17,1577192116,0
2336,nocrash_nullarg_18,1577192116,0
2337,nocrash_nullarg_19,1577192116,0
2338,nocrash_nullarg_20,1577192116,0
2339,nocrash_nullarg_21,1577192116,0
2340,nocrash_nullarg_22,1577192116,1576962392
2341,nocrash_nullarg_23,1577192116,0
2342,nocrash_nullarg_24,1577192116,0
2343,nocrash_nullarg_25,1577192116,0
2344,nocrash_mandatory_wformat_undefbehav_01,1577192116,0
2345,nocrash_mandatory_wformat_undefbehav_02,1577192116,0
2346,nocrash_mandatory_wformat_undefbehav_03,1577192116,0
2347,nocrash_mandatory_wformat_undefbehav_04,1577192116,0
2348,nocrash_mandatory_wformat_undefbehav_05,1577192116,0
2349,nocrash_mandatory_wformat_undefbehav_06,1577192116,0
2350,nocrash_mandatory_wformat_undefbehav_07,1577192116,0
2351,nocrash_mandatory_wformat_undefbehav_08,1577192116,0
2352,nocrash_mandatory_wformat_undefbehav_09,1577192116,0
2353,nocrash_mandatory_wformat_undefbehav_10,1577192116,0
2354,nocrash_mandatory_wformat_undefbehav_11,1577192116,0
2355,nocrash_mandatory_wformat_undefbehav_12,1577192116,0
2356,nocrash_mandatory_wformat_undefbehav_13,1577192116,0
2357,nocrash_mandatory_wformat_undefbehav_14,1577192116,0
2358,nocrash_mandatory_wformat_undefbehav_15,1577192116,0
2359,nocrash_mandatory_wformat_undefbehav_16,1577192116,0
2360,nocrash_mandatory_wformat_undefbehav_17,1577192116,0
2361,nocrash_mandatory_wformat_undefbehav_18,1577192116,0
2362,nocrash_mandatory_wformat_undefbehav_19,1577192116,0
2363,nocrash_mandatory_wformat_undefbehav_20,1577192116,0
2364,nocrash_mandatory_wformat_undefbehav_21,1577192116,0
2365,nocrash_mandatory_wformat_undefbehav_22,1577192116,0
2366,nocrash_mandatory_wformat_undefbehav_23,1577192116,0
2367,nocrash_mandatory_wformat_undefbehav_24,1577192116,0
2368,nocrash_mandatory_wformat_undefbehav_25,1577192116,0
2369,nocrash_mandatory_wformat_undefbehav_26,1577192116,0
2370,nocrash_mandatory_wformat_undefbehav_27,1577192116,0
2371,nocrash_mandatory_wformat_undefbehav_28,1577192116,0
2372,nocrash_mandatory_wformat_undefbehav_29,1577192116,0
2373,nocrash_mandatory_wformat_undefbehav_30,1577192116,0
2374,nocrash_mandatory_wformat_undefbehav_31,1577192116,0
2375,nocrash_mandatory_wformat_undefbehav_32,1577192116,0
2376,nocrash_mandatory_wformat_undefbehav_33,1577192116,0
2377,nocrash_mandatory_wformat_undefbehav_34,1577192116,0
2378,nocrash_mandatory_wformat_undefbehav_35,1577192116,0
2379,nocrash_mandatory_wformat_undefbehav_36,1577192116,0
2380,nocrash_mandatory_wformat_undefbehav_37,1577192116,0
2381,nocrash_mandatory_wformat_undefbehav_38,1577192116,0
2382,nocrash_mandatory_wformat_undefbehav_39,1577192116,0
2383,nocrash_mandatory_wformat_undefbehav_40,1577192116,0
2384,nocrash_mandatory_dupflag_d_asas,1577192116,0
2385,nocrash_mandatory_dupflag_d_spsp,1577192116,0
2386,nocrash_mandatory_dupflag_d_spassp,1577192116,0
2387,nocrash_mandatory_dupflag_d_ljljw,1577192116,0
2388,nocrash_mandatory_dupflag_d_ljasljw,1577192116,0
2389,nocrash_mandatory_dupflag_x_afaf,1577192116,0
2390,nocrash_mandatory_dupflag_x_afasasafljw,1577192116,0
2391,nocrash_mandatory_c_prec_1,1577192116,0
2392,nocrash_mandatory_c_prec_2,1577192116,0
2393,nocrash_mandatory_c_af,1577192116,0
2394,nocrash_mandatory_c_zp_1,1577192116,0
2395,nocrash_mandatory_c_zp_2,1577192116,0
2396,nocrash_mandatory_c_as_1,1577192116,0
2397,nocrash_mandatory_c_as_2,1577192116,0
2398,nocrash_mandatory_c_sp_1,1577192116,0
2399,nocrash_mandatory_c_sp_2,1577192116,0
2400,nocrash_mandatory_c_size_hh,1577192116,0
2401,nocrash_mandatory_c_size_h,1577192116,0
2402,nocrash_mandatory_c_size_l,1577192116,0
2403,nocrash_mandatory_c_size_ll,1577192116,0
2404,nocrash_mandatory_c_size_L,1577192116,0
2405,nocrash_mandatory_c_lj_nowidth,1577192116,0
2406,nocrash_mandatory_s_af,1577192116,0
2407,nocrash_mandatory_s_zp_1,1577192116,0
2408,nocrash_mandatory_s_zp_2,1577192116,0
2409,nocrash_mandatory_s_as_1,1577192116,0
2410,nocrash_mandatory_s_sp_1,1577192116,0
2411,nocrash_mandatory_s_size_hh,1577192116,0
2412,nocrash_mandatory_s_size_h,1577192116,0
2413,nocrash_mandatory_s_size_l,1577192116,0
2414,nocrash_mandatory_s_size_ll,1577192116,0
2415,nocrash_mandatory_s_size_L,1577192116,0
2416,nocrash_mandatory_s_lj_nowidth,1577192116,0
2417,nocrash_mandatory_p_prec_1,1577192116,0
2418,nocrash_mandatory_p_prec_2,1577192116,0
2419,nocrash_mandatory_p_af,1577192116,0
2420,nocrash_mandatory_p_zp_1,1577192116,0
2421,nocrash_mandatory_p_zp_2,1577192116,0
2422,nocrash_mandatory_p_as_1,1577192116,0
2423,nocrash_mandatory_p_as_2,1577192116,0
2424,nocrash_mandatory_p_sp_1,1577192116,0
2425,nocrash_mandatory_p_sp_2,1577192116,0
2426,nocrash_mandatory_p_size_hh,1577192116,0
2427,nocrash_mandatory_p_size_h,1577192116,0
2428,nocrash_mandatory_p_size_l,1577192116,0
2429,nocrash_mandatory_p_size_ll,1577192116,0
2430,nocrash_mandatory_p_size_L,1577192116,0
2431,nocrash_mandatory_p_lj_nowidth,1577192116,0
2432,nocrash_mandatory_d_size_L,1577192116,0
2433,nocrash_mandatory_d_af,1577192116,0
2434,nocrash_mandatory_d_size_hhh,1577192116,0
2435,nocrash_mandatory_d_size_hhhh,1577192116,0
2436,nocrash_mandatory_d_size_hhl,1577192116,0
2437,nocrash_mandatory_d_size_hhll,1577192116,0
2438,nocrash_mandatory_d_size_llh,1577192116,0
2439,nocrash_mandatory_d_size_lll,1577192116,0
2440,nocrash_mandatory_i_size_L,1577192116,0
2441,nocrash_mandatory_i_af,1577192116,0
2442,nocrash_mandatory_i_size_hhh,1577192116,0
2443,nocrash_mandatory_i_lj_nowidth,1577192116,0
2444,nocrash_mandatory_o_as,1577192116,0
2445,nocrash_mandatory_o_sp,1577192116,0
2446,nocrash_mandatory_o_size_L,1577192116,0
2447,nocrash_mandatory_o_size_hhh,1577192116,0
2448,nocrash_mandatory_o_size_hhhh,1577192116,0
2449,nocrash_mandatory_o_size_hhl,1577192116,0
2450,nocrash_mandatory_o_size_hhll,1577192116,0
2451,nocrash_mandatory_o_size_llh,1577192116,0
2452,nocrash_mandatory_o_size_lll,1577192116,0
2453,nocrash_mandatory_o_lj_nowidth,1577192116,0
2454,nocrash_mandatory_u_size_L,1577192116,0
2455,nocrash_mandatory_u_af,1577192116,0
2456,nocrash_mandatory_u_as,1577192116,0
2457,nocrash_mandatory_u_sp,1577192116,0
2458,nocrash_mandatory_u_size_hhh,1577192116,0
2459,nocrash_mandatory_u_size_hhhh,1577192116,0
2460,nocrash_mandatory_u_size_hhl,1577192116,0
2461,nocrash_mandatory_u_size_hhll,1577192116,0
2462,nocrash_mandatory_u_size_llh,1577192116,0
2463,nocrash_mandatory_u_size_lll,1577192116,0
2464,nocrash_mandatory_u_lj_nowidth,1577192116,0
2465,nocrash_mandatory_x_size_L,1577192116,0
2466,nocrash_mandatory_x_as,1577192116,0
2467,nocrash_mandatory_x_sp,1577192116,0
2468,nocrash_mandatory_x_size_hhh,1577192116,0
2469,nocrash_mandatory_x_size_hhhh,1577192116,0
2470,nocrash_mandatory_x_size_hhl,1577192116,0
2471,nocrash_mandatory_x_size_hhll,1577192116,0
2472,nocrash_mandatory_x_size_llh,1577192116,0
2473,nocrash_mandatory_x_size_lll,1577192116,0
2474,nocrash_mandatory_X_size_L,1577192116,0
2475,nocrash_mandatory_X_as,1577192116,0
2476,nocrash_mandatory_X_sp,1577192116,0
2477,nocrash_mandatory_X_size_hhh,1577192116,0
2478,nocrash_mandatory_X_size_llh,1577192116,0
2479,nocrash_mandatory_x_lj_nowidth,1577192116,0
2480,nocrash_mandatory_f_size_hh,1577192116,0
2481,nocrash_mandatory_f_size_h,1577192116,0
2482,nocrash_mandatory_f_size_ll,1577192116,0
2483,nocrash_mandatory_f_size_lll,1577192116,0
2484,nocrash_mandatory_f_size_llll,1577192116,0
2485,nocrash_mandatory_f_size_LL,1577192116,0
2486,nocrash_mandatory_f_size_Ll,1577192116,0
2487,nocrash_mandatory_f_size_lL,1577192116,0
2488,nocrash_mandatory_f_lj_nowidth,1577192116,0
2489,moul_s_1,1577192116,0
2490,moul_s_2,1577192116,0
2491,moul_s_3,1577192116,0
2492,moul_s_4,1577192116,0
2493,moul_s_5_this_ones_a_doozy,1577192116,0
2494,moul_d_1,1577192116,0
2495,moul_d_2,1577192116,0
2496,moul_d_3,1577192116,0
2497,moul_d_4,1577192116,0
2498,moul_d_5,1577192116,0
2499,moul_d_6,1577192116,0
2500,moul_d_7,1577192116,0
2501,moul_d_8,1577192116,0
2502,moul_d_9,1577192116,0
2503,moul_d_10,1577192116,0
2504,moul_d_11,1577192116,0
2505,moul_d_12,1577192116,0
2506,moul_mix_1,1577192116,0
2507,moul_c_1,1577192116,0
2508,moul_c_2,1577192116,0
2509,moul_c_3,1577192116,0
2510,moul_c_4,1577192116,0
2511,moul_c_5,1577192116,0
2512,moul_c_5b,1577192116,0
2513,moul_c_6,1577192116,0
2514,moul_c_7,1577192116,0
2515,moul_c_8,1577192116,0
2516,moul_c_9,1577192116,0
2517,moul_c_10,1577192116,0
2518,moul_c_11,1577192116,0
2519,moul_c_12,1577192116,0
2520,moul_c_13,1577192116,0
2521,moul_c_14,1577192116,0
2522,moul_c_15,1577192116,0
2523,moul_c_16,1577192116,0
2524,moul_c_17,1577192116,0
2525,moul_c_18,1577192116,0
2526,moul_c_19,1577192116,0
2527,moul_c_20,1577192116,0
2528,moul_c_21,1577192116,0
2529,moul_c_22,1577192116,0
2530,moul_c_23,1577192116,0
2531,moul_c_24,1577192116,0
2532,moul_c_25,1577192116,0
2533,moul_c_26,1577192116,0
2534,moul_c_27,1577192116,0
2535,moul_c_28,1577192116,0
2536,moul_ld_1_throwswarning,1577192116,0
2537,moul_ld_2_throwswarning,1577192116,0
2538,moul_ld_3_throwswarning,1577192116,0
2539,moul_ld_4_throwswarning,1577192116,0
2540,moul_ld_5_throwswarning,1577192116,0
2541,moul_ld_6_throwswarning,1577192116,0
2542,moul_ld_7_throwswarning,1577192116,0
2543,moul_ld_8_throwswarning,1577192116,0
2544,moul_ld_9_throwswarning,1577192116,0
2545,moul_ld_10_throwswarning,1577192116,0
2546,moul_ld_11_throwswarning,1577192116,0
2547,moul_ld_12_throwswarning,1577192116,0
2560,moul_i_1,1577192116,0
2561,moul_i_2,1577192116,0
2562,moul_i_3,1577192116,0
2563,moul_i_4,1577192116,0
2564,moul_i_5,1577192116,0
2565,moul_i_6,1577192116,0
2566,moul_i_7,1577192116,0
2567,moul_i_8,1577192116,0
2568,moul_i_9,1577192116,0
2569,moul_i_10,1577192116,0
2570,moul_i_11,1577192116,0
2571,moul_i_12,1577192116,0
2572,moul_f_1,1577192116,0
2573,moul_f_2,1577192116,0
2574,moul_f_3,1577192116,0
2575,moul_f_4,1577192116,0
2576,moul_f_5,1577192116,0
2577,moul_f_6,1577192116,0
2578,moul_f_7,1577192116,0
2579,moul_f_7b,1577192116,0
2580,moul_f_8,1577192116,0
2581,moul_f_9,1577192116,0
2582,moul_f_10,1577192116,0
2583,moul_f_11,1577192116,0
2584,moul_f_12,1577192116,0
2599,moul_o_1,1577192116,0
2600,moul_o_2,1577192116,0
2601,moul_o_3,1577192116,0
2602,moul_o_4,1577192116,0
2603,moul_o_5,1577192116,0
2604,moul_o_6,1577192116,0
2605,moul_o_7,1577192116,0
2606,moul_o_8,1577192116,0
2607,moul_o_9,1577192116,0
2608,moul_o_10,1577192116,0
2609,moul_o_11,1577192116,0
2610,moul_o_12,1577192116,0
2611,moul_u_1,1577192116,0
2612,moul_u_2,1577192116,0
2613,moul_u_3,1577192116,0
2614,moul_u_4,1577192116,0
2615,moul_u_5,1577192116,0
2616,moul_u_6,1577192116,0
2617,moul_u_7,1577192116,0
2618,moul_u_8,1577192116,0
2619,moul_u_9,1577192116,0
2620,moul_u_10,1577192116,0
2621,moul_u_11,1577192116,0
2622,moul_u_12,1577192116,0
2623,moul_x_1,1577192116,0
2624,moul_x_2,1577192116,0
2625,moul_x_3,1577192116,0
2626,moul_x_4,1577192116,0
2627,moul_x_5,1577192116,0
2628,moul_x_6,1577192116,0
2629,moul_x_7,1577192116,0
2630,moul_x_8,1577192116,0
2631,moul_x_9,1577192116,0
2632,moul_x_10,1577192116,0
2633,moul_x_11,1577192116,0
2634,moul_x_12,1577192116,0
2635,moul_hash_1,1577192116,0
2636,moul_hash_2,1577192116,0
2637,moul_hash_3,1577192116,0
2638,moul_hash_4,1577192116,0
2639,moul_hash_5,1577192116,0
2640,moul_hash_6,1577192116,0
2641,moul_hash_7,1577192116,0
2642,moul_hash_8,1577192116,0
2643,moul_hash_9,1577192116,0
2644,moul_hash_10,1577192116,0
2645,moul_hash_11,1577192116,0
2646,moul_hash_12,1577192116,0
2647,moul_prec_1,1577192116,0
2648,moul_prec_2,1577192116,0
2649,moul_prec_3,1577192116,0
2650,moul_prec_4,1577192116,0
2651,moul_prec_5,1577192116,0
2652,moul_zeropad_1,1577192116,0
2653,moul_zeropad_2,1577192116,0
2654,moul_zeropad_3,1577192116,0
2655,moul_zeropad_4,1577192116,0
2656,moul_leftjusty_1,1577192116,0
2657,moul_leftjusty_2,1577192116,0
2658,moul_leftjusty_3,1577192116,0
2659,moul_leftjusty_4,1577192116,0
2660,moul_leftjusty_5,1577192116,0
2661,moul_leftjusty_6,1577192116,0
2662,moul_leftjusty_7,1577192116,0
2663,moul_as_1,1577192116,0
2664,moul_as_2,1577192116,0
2665,moul_as_3,1577192116,0
2666,moul_as_4,1577192116,0
2667,moul_sp_1,1577192116,0
2668,moul_sp_2,1577192116,0
2669,moul_sp_3,1577192116,0
